Facilities,Amount,Comments,Sentiment
Reservation,6087,"Disappointing stay, a total waste of money.",Negative
Event,12933,"It was an okay stay, average service overall.",Neutral
Reservation,9993,The facilities are fine but could be better.,Neutral
Entrance,16078,Medyo okay naman ang experience namin.,Neutral
Event,6343,Hindi kami nasiyahan sa aming stay dito.,Negative
Event,5388,Madumi yung area nung dumating kami.,Negative
Event,24347,Great value for money and a relaxing vibe.,Positive
Event,6514,Hindi kami nasiyahan sa aming stay dito.,Negative
Event,15452,Good location but service was just standard.,Neutral
Room,26964,Walang kupas ang ganda ng pool area.,Positive
Hall Rental,8044,Good location but service was just standard.,Neutral
Event,4431,"Disappointing stay, a total waste of money.",Negative
Room,14144,Hindi gaanong special pero okay naman yung stay.,Neutral
Reservation,17040,Hindi gaanong special pero okay naman yung stay.,Neutral
Event,22126,Sulit na sulit ang booking namin.,Positive
Hall Rental,24374,Mabait at magalang ang mga staff dito.,Positive
Reservation,3158,"Terrible and awful experience, would not go back.",Negative
Room,18342,Sulit na sulit ang booking namin.,Positive
Reservation,13818,"The room was decent and normal, nothing special.",Neutral
Reservation,21185,Walang kupas ang ganda ng pool area.,Positive
Hall Rental,3301,Mabagal ang serbisyo at medyo disappointing.,Negative
Entrance,9242,Mabagal ang serbisyo at medyo disappointing.,Negative
Room,16281,The facilities are fine but could be better.,Neutral
Entrance,4964,The water was cloudy and the area was messy.,Negative
Room,25258,Walang kupas ang ganda ng pool area.,Positive
Entrance,27734,"Beautiful view and very friendly, helpful staff.",Positive
Room,24996,Sulit na sulit ang booking namin.,Positive
Entrance,11554,"Acceptable quality, sakto lang ang karanasan.",Neutral
Room,3322,"Disappointing stay, a total waste of money.",Negative
Entrance,16202,Sulit na sulit ang booking namin.,Positive
Entrance,3706,Madumi yung area nung dumating kami.,Negative
Reservation,10123,"Acceptable quality, sakto lang ang karanasan.",Neutral
Reservation,18812,Mabait at magalang ang mga staff dito.,Positive
Event,16676,"Standard amenities, fine experience for the price.",Neutral
Room,23967,"Excellent facility, highly recommend to everyone!",Positive
Reservation,14968,Good location but service was just standard.,Neutral
Reservation,19356,Great value for money and a relaxing vibe.,Positive
Entrance,5250,"Dirty rooms, broken aircon, and bad smell.",Negative
Reservation,4371,Rude staff and very slow service at reception.,Negative
Reservation,14782,"It was an okay stay, average service overall.",Neutral
Entrance,16182,Medyo okay naman ang experience namin.,Neutral
Entrance,24539,"Beautiful view and very friendly, helpful staff.",Positive
Hall Rental,4686,"Terrible and awful experience, would not go back.",Negative
Room,4833,Madumi yung area nung dumating kami.,Negative
Hall Rental,10849,Good location but service was just standard.,Neutral
Reservation,8085,The water was cloudy and the area was messy.,Negative
Reservation,7398,Rude staff and very slow service at reception.,Negative
Entrance,27289,The service was perfect and absolutely amazing.,Positive
Room,10658,"Acceptable quality, sakto lang ang karanasan.",Neutral
Room,26769,"Beautiful view and very friendly, helpful staff.",Positive
Event,22734,"Everything was superb, clean, and well-maintained.",Positive
Event,8739,"Dirty rooms, broken aircon, and bad smell.",Negative
Entrance,15605,"Acceptable quality, sakto lang ang karanasan.",Neutral
Entrance,15094,Hindi gaanong special pero okay naman yung stay.,Neutral
Entrance,29207,"Excellent facility, highly recommend to everyone!",Positive
Hall Rental,26344,Walang kupas ang ganda ng pool area.,Positive
Reservation,24823,"Excellent facility, highly recommend to everyone!",Positive
Room,8819,"Disappointing stay, a total waste of money.",Negative
Hall Rental,24476,"Everything was superb, clean, and well-maintained.",Positive
Room,8230,"Terrible and awful experience, would not go back.",Negative
Hall Rental,22992,"Beautiful view and very friendly, helpful staff.",Positive
Event,13330,Hindi gaanong special pero okay naman yung stay.,Neutral
Hall Rental,17615,"The room was decent and normal, nothing special.",Neutral
Room,7356,Hindi kami nasiyahan sa aming stay dito.,Negative
Event,19944,Sulit na sulit ang booking namin.,Positive
Event,10541,Hindi gaanong special pero okay naman yung stay.,Neutral
Hall Rental,8242,"It was an okay stay, average service overall.",Neutral
Entrance,28323,"Beautiful view and very friendly, helpful staff.",Positive
Room,21230,The service was perfect and absolutely amazing.,Positive
Event,27287,"Excellent facility, highly recommend to everyone!",Positive
Event,17782,Mabait at magalang ang mga staff dito.,Positive
Hall Rental,20109,The service was perfect and absolutely amazing.,Positive
Event,8112,"It was an okay stay, average service overall.",Neutral
Hall Rental,10786,"Acceptable quality, sakto lang ang karanasan.",Neutral
Hall Rental,4258,"Terrible and awful experience, would not go back.",Negative
Reservation,16633,The service was perfect and absolutely amazing.,Positive
Reservation,8689,"Acceptable quality, sakto lang ang karanasan.",Neutral
Entrance,19616,"Excellent facility, highly recommend to everyone!",Positive
Event,18124,Walang kupas ang ganda ng pool area.,Positive
Entrance,8717,"Standard amenities, fine experience for the price.",Neutral
Hall Rental,2446,"Terrible and awful experience, would not go back.",Negative
Reservation,12776,Good location but service was just standard.,Neutral
Hall Rental,4121,"Terrible and awful experience, would not go back.",Negative
Entrance,21371,Sulit na sulit ang booking namin.,Positive
Event,11744,Good location but service was just standard.,Neutral
Event,10832,Good location but service was just standard.,Neutral
Room,14771,The facilities are fine but could be better.,Neutral
Hall Rental,7993,Mabagal ang serbisyo at medyo disappointing.,Negative
Room,19837,Mabait at magalang ang mga staff dito.,Positive
Room,23433,"Excellent facility, highly recommend to everyone!",Positive
Reservation,9777,Rude staff and very slow service at reception.,Negative
Room,17388,"Acceptable quality, sakto lang ang karanasan.",Neutral
Event,10217,Hindi gaanong special pero okay naman yung stay.,Neutral
Event,2804,Mabagal ang serbisyo at medyo disappointing.,Negative
Entrance,4172,"Disappointing stay, a total waste of money.",Negative
Hall Rental,6252,Madumi yung area nung dumating kami.,Negative
Hall Rental,7325,"Disappointing stay, a total waste of money.",Negative
Entrance,8277,Hindi gaanong special pero okay naman yung stay.,Neutral
Room,8238,Hindi gaanong special pero okay naman yung stay.,Neutral
Room,11240,Medyo okay naman ang experience namin.,Neutral
Room,2771,Mabagal ang serbisyo at medyo disappointing.,Negative
Hall Rental,22673,"Excellent facility, highly recommend to everyone!",Positive
Room,8890,Hindi gaanong special pero okay naman yung stay.,Neutral
Hall Rental,2024,"Dirty rooms, broken aircon, and bad smell.",Negative
Reservation,8085,"Disappointing stay, a total waste of money.",Negative
Event,23808,"Beautiful view and very friendly, helpful staff.",Positive
Room,15982,"Acceptable quality, sakto lang ang karanasan.",Neutral
Hall Rental,12942,Good location but service was just standard.,Neutral
Event,16003,"The room was decent and normal, nothing special.",Neutral
Event,20423,"Excellent facility, highly recommend to everyone!",Positive
Entrance,6225,Madumi yung area nung dumating kami.,Negative
Entrance,7662,"Terrible and awful experience, would not go back.",Negative
Entrance,25380,"Excellent facility, highly recommend to everyone!",Positive
Entrance,4008,Madumi yung area nung dumating kami.,Negative
Room,25161,"Everything was superb, clean, and well-maintained.",Positive
Reservation,12888,Medyo okay naman ang experience namin.,Neutral
Event,29640,Mabait at magalang ang mga staff dito.,Positive
Event,8160,"Acceptable quality, sakto lang ang karanasan.",Neutral
Reservation,15850,"The room was decent and normal, nothing special.",Neutral
Reservation,6675,Mabagal ang serbisyo at medyo disappointing.,Negative
Room,26657,"Everything was superb, clean, and well-maintained.",Positive
Hall Rental,16799,Hindi gaanong special pero okay naman yung stay.,Neutral
Reservation,7204,"Dirty rooms, broken aircon, and bad smell.",Negative
Event,18591,"Excellent facility, highly recommend to everyone!",Positive
Hall Rental,15094,"Beautiful view and very friendly, helpful staff.",Positive
Room,16711,Hindi gaanong special pero okay naman yung stay.,Neutral
Entrance,17171,Medyo okay naman ang experience namin.,Neutral
Entrance,10179,Good location but service was just standard.,Neutral
Room,24496,Sulit na sulit ang booking namin.,Positive
Event,15004,"Everything was superb, clean, and well-maintained.",Positive
Reservation,16246,The service was perfect and absolutely amazing.,Positive
Hall Rental,9094,"Disappointing stay, a total waste of money.",Negative
Hall Rental,7157,"Disappointing stay, a total waste of money.",Negative
Entrance,5739,"Dirty rooms, broken aircon, and bad smell.",Negative
Entrance,4511,Mabagal ang serbisyo at medyo disappointing.,Negative
Entrance,5636,"Dirty rooms, broken aircon, and bad smell.",Negative
Entrance,16021,"Excellent facility, highly recommend to everyone!",Positive
Room,24903,"Everything was superb, clean, and well-maintained.",Positive
Entrance,29486,"Excellent facility, highly recommend to everyone!",Positive
Event,13793,"It was an okay stay, average service overall.",Neutral
Room,7819,Hindi kami nasiyahan sa aming stay dito.,Negative
Event,16448,Medyo okay naman ang experience namin.,Neutral
Hall Rental,2437,The water was cloudy and the area was messy.,Negative
Room,3417,"Terrible and awful experience, would not go back.",Negative
Entrance,3819,Mabagal ang serbisyo at medyo disappointing.,Negative
Hall Rental,9016,"Disappointing stay, a total waste of money.",Negative
Event,9749,Medyo okay naman ang experience namin.,Neutral
Hall Rental,8666,The water was cloudy and the area was messy.,Negative
Hall Rental,6228,"Disappointing stay, a total waste of money.",Negative
Reservation,14579,The facilities are fine but could be better.,Neutral
Entrance,12586,The facilities are fine but could be better.,Neutral
Room,9435,The water was cloudy and the area was messy.,Negative
Room,20104,"Excellent facility, highly recommend to everyone!",Positive
Reservation,22186,"Beautiful view and very friendly, helpful staff.",Positive
Entrance,9384,The facilities are fine but could be better.,Neutral
Reservation,8924,"Terrible and awful experience, would not go back.",Negative
Entrance,6576,Rude staff and very slow service at reception.,Negative
Room,17079,Mabait at magalang ang mga staff dito.,Positive
Event,17171,"The room was decent and normal, nothing special.",Neutral
Entrance,14033,Good location but service was just standard.,Neutral
Reservation,7629,Rude staff and very slow service at reception.,Negative
Hall Rental,15392,Medyo okay naman ang experience namin.,Neutral
Event,3025,Madumi yung area nung dumating kami.,Negative
Room,6109,Hindi kami nasiyahan sa aming stay dito.,Negative
Hall Rental,16528,Walang kupas ang ganda ng pool area.,Positive
Room,14614,"It was an okay stay, average service overall.",Neutral
Room,22035,"Excellent facility, highly recommend to everyone!",Positive
Hall Rental,21269,Great value for money and a relaxing vibe.,Positive
Event,4194,Madumi yung area nung dumating kami.,Negative
Room,26276,The service was perfect and absolutely amazing.,Positive
Event,5665,The water was cloudy and the area was messy.,Negative
Event,13488,Medyo okay naman ang experience namin.,Neutral
Hall Rental,15833,"Acceptable quality, sakto lang ang karanasan.",Neutral
Room,9840,"Dirty rooms, broken aircon, and bad smell.",Negative
Entrance,3016,The water was cloudy and the area was messy.,Negative
Room,8340,"Standard amenities, fine experience for the price.",Neutral
Entrance,27556,Walang kupas ang ganda ng pool area.,Positive
Entrance,10953,Good location but service was just standard.,Neutral
Room,27281,"Everything was superb, clean, and well-maintained.",Positive
Room,12266,"Standard amenities, fine experience for the price.",Neutral
Entrance,19873,Walang kupas ang ganda ng pool area.,Positive
Room,22154,Sulit na sulit ang booking namin.,Positive
Hall Rental,15891,"The room was decent and normal, nothing special.",Neutral
Event,12869,"The room was decent and normal, nothing special.",Neutral
Reservation,8139,Good location but service was just standard.,Neutral
Entrance,8587,Madumi yung area nung dumating kami.,Negative
Hall Rental,26921,Sulit na sulit ang booking namin.,Positive
Hall Rental,27757,Great value for money and a relaxing vibe.,Positive
Event,25147,"Beautiful view and very friendly, helpful staff.",Positive
Event,3129,"Dirty rooms, broken aircon, and bad smell.",Negative
Reservation,15299,"Acceptable quality, sakto lang ang karanasan.",Neutral
Entrance,3144,"Dirty rooms, broken aircon, and bad smell.",Negative
Event,11558,"Acceptable quality, sakto lang ang karanasan.",Neutral
Event,16016,Good location but service was just standard.,Neutral
Reservation,24576,Sulit na sulit ang booking namin.,Positive
Event,6815,Rude staff and very slow service at reception.,Negative
Reservation,29681,Walang kupas ang ganda ng pool area.,Positive
Event,22206,"Beautiful view and very friendly, helpful staff.",Positive
Reservation,6032,"Terrible and awful experience, would not go back.",Negative
Room,22151,"Everything was superb, clean, and well-maintained.",Positive
Hall Rental,12068,"It was an okay stay, average service overall.",Neutral
Event,11807,Hindi gaanong special pero okay naman yung stay.,Neutral
Room,5367,"Terrible and awful experience, would not go back.",Negative
Room,2746,"Terrible and awful experience, would not go back.",Negative
Hall Rental,7694,"Disappointing stay, a total waste of money.",Negative
Entrance,10789,"It was an okay stay, average service overall.",Neutral
Reservation,12912,The facilities are fine but could be better.,Neutral
Room,11180,"Acceptable quality, sakto lang ang karanasan.",Neutral
Entrance,4321,"Terrible and awful experience, would not go back.",Negative
Event,11512,"Acceptable quality, sakto lang ang karanasan.",Neutral
Hall Rental,2924,Madumi yung area nung dumating kami.,Negative
Hall Rental,3032,The water was cloudy and the area was messy.,Negative
Entrance,9849,Hindi gaanong special pero okay naman yung stay.,Neutral
Reservation,4060,Madumi yung area nung dumating kami.,Negative
Hall Rental,9903,Hindi kami nasiyahan sa aming stay dito.,Negative
Entrance,29451,Great value for money and a relaxing vibe.,Positive
Hall Rental,8869,Madumi yung area nung dumating kami.,Negative
Hall Rental,13442,Medyo okay naman ang experience namin.,Neutral
Entrance,7841,"Dirty rooms, broken aircon, and bad smell.",Negative
Reservation,18432,Mabait at magalang ang mga staff dito.,Positive
Hall Rental,17944,Medyo okay naman ang experience namin.,Neutral
Entrance,27173,Great value for money and a relaxing vibe.,Positive
Room,17160,Mabait at magalang ang mga staff dito.,Positive
Reservation,9809,Hindi gaanong special pero okay naman yung stay.,Neutral
Reservation,3049,Hindi kami nasiyahan sa aming stay dito.,Negative
Room,6977,Rude staff and very slow service at reception.,Negative
Room,14218,"The room was decent and normal, nothing special.",Neutral
Event,16382,Great value for money and a relaxing vibe.,Positive
Room,17170,"It was an okay stay, average service overall.",Neutral
Hall Rental,16667,"The room was decent and normal, nothing special.",Neutral
Event,12134,"Standard amenities, fine experience for the price.",Neutral
Reservation,15347,"It was an okay stay, average service overall.",Neutral
Room,12072,Medyo okay naman ang experience namin.,Neutral
Reservation,11354,"The room was decent and normal, nothing special.",Neutral
Hall Rental,2610,The water was cloudy and the area was messy.,Negative
Entrance,22638,"Excellent facility, highly recommend to everyone!",Positive
Room,21090,Walang kupas ang ganda ng pool area.,Positive
Reservation,28544,The service was perfect and absolutely amazing.,Positive
Event,28689,Mabait at magalang ang mga staff dito.,Positive
Reservation,15984,Good location but service was just standard.,Neutral
Room,10237,Good location but service was just standard.,Neutral
Event,2460,Mabagal ang serbisyo at medyo disappointing.,Negative
Entrance,15611,"Standard amenities, fine experience for the price.",Neutral
Entrance,23714,"Excellent facility, highly recommend to everyone!",Positive
Room,13983,The facilities are fine but could be better.,Neutral
Room,16933,"Everything was superb, clean, and well-maintained.",Positive
Entrance,28067,Walang kupas ang ganda ng pool area.,Positive
Hall Rental,11935,"It was an okay stay, average service overall.",Neutral
Entrance,28515,Great value for money and a relaxing vibe.,Positive
Reservation,18420,Walang kupas ang ganda ng pool area.,Positive
Event,11882,The facilities are fine but could be better.,Neutral
Entrance,9509,"Disappointing stay, a total waste of money.",Negative
Entrance,11551,"The room was decent and normal, nothing special.",Neutral
Reservation,5533,Madumi yung area nung dumating kami.,Negative
Reservation,19197,"Everything was superb, clean, and well-maintained.",Positive
Event,13102,The facilities are fine but could be better.,Neutral
Hall Rental,8234,"Acceptable quality, sakto lang ang karanasan.",Neutral
Hall Rental,3590,The water was cloudy and the area was messy.,Negative
Reservation,6510,The water was cloudy and the area was messy.,Negative
Reservation,25445,Mabait at magalang ang mga staff dito.,Positive
Event,16435,Sulit na sulit ang booking namin.,Positive
Event,3329,"Disappointing stay, a total waste of money.",Negative
Event,9653,Rude staff and very slow service at reception.,Negative
Entrance,16028,The service was perfect and absolutely amazing.,Positive
Entrance,23433,Mabait at magalang ang mga staff dito.,Positive
Reservation,3370,Mabagal ang serbisyo at medyo disappointing.,Negative
Entrance,18537,Great value for money and a relaxing vibe.,Positive
Reservation,5515,Rude staff and very slow service at reception.,Negative
Room,15148,The facilities are fine but could be better.,Neutral
Event,20946,Walang kupas ang ganda ng pool area.,Positive
Event,9863,The facilities are fine but could be better.,Neutral
Entrance,9130,Good location but service was just standard.,Neutral
Reservation,2317,Madumi yung area nung dumating kami.,Negative
Reservation,17359,Hindi gaanong special pero okay naman yung stay.,Neutral
Hall Rental,24776,Great value for money and a relaxing vibe.,Positive
Hall Rental,8368,Madumi yung area nung dumating kami.,Negative
Event,5553,Mabagal ang serbisyo at medyo disappointing.,Negative
Reservation,11802,Hindi gaanong special pero okay naman yung stay.,Neutral
Reservation,17604,"Beautiful view and very friendly, helpful staff.",Positive
Reservation,8795,Madumi yung area nung dumating kami.,Negative
Event,2615,"Disappointing stay, a total waste of money.",Negative
Hall Rental,3753,Madumi yung area nung dumating kami.,Negative
Event,18610,Walang kupas ang ganda ng pool area.,Positive
Event,16588,"Standard amenities, fine experience for the price.",Neutral
Event,13626,Medyo okay naman ang experience namin.,Neutral
Room,2904,Madumi yung area nung dumating kami.,Negative
Room,10017,"Acceptable quality, sakto lang ang karanasan.",Neutral
Hall Rental,8887,Good location but service was just standard.,Neutral
Reservation,2240,Mabagal ang serbisyo at medyo disappointing.,Negative
Hall Rental,6658,"Terrible and awful experience, would not go back.",Negative
Reservation,11236,Hindi gaanong special pero okay naman yung stay.,Neutral
Hall Rental,23378,The service was perfect and absolutely amazing.,Positive
Event,9837,The water was cloudy and the area was messy.,Negative
Entrance,2507,"Disappointing stay, a total waste of money.",Negative
Hall Rental,22970,Sulit na sulit ang booking namin.,Positive
Room,4532,Rude staff and very slow service at reception.,Negative
Reservation,5209,"Disappointing stay, a total waste of money.",Negative
Event,20539,The service was perfect and absolutely amazing.,Positive
Room,8589,The facilities are fine but could be better.,Neutral
Reservation,27249,"Excellent facility, highly recommend to everyone!",Positive
Event,19547,Walang kupas ang ganda ng pool area.,Positive
Entrance,23044,The service was perfect and absolutely amazing.,Positive
Hall Rental,19142,Mabait at magalang ang mga staff dito.,Positive
Reservation,11867,Good location but service was just standard.,Neutral
Reservation,6815,Hindi kami nasiyahan sa aming stay dito.,Negative
Reservation,7198,Mabagal ang serbisyo at medyo disappointing.,Negative
Hall Rental,5446,"Dirty rooms, broken aircon, and bad smell.",Negative
Room,20887,"Everything was superb, clean, and well-maintained.",Positive
Entrance,3152,Rude staff and very slow service at reception.,Negative
Room,9987,"Dirty rooms, broken aircon, and bad smell.",Negative
Entrance,29736,Mabait at magalang ang mga staff dito.,Positive
Room,20693,Sulit na sulit ang booking namin.,Positive
Entrance,17393,"Everything was superb, clean, and well-maintained.",Positive
Entrance,7730,"Dirty rooms, broken aircon, and bad smell.",Negative
Event,9846,"Acceptable quality, sakto lang ang karanasan.",Neutral
Reservation,4810,Mabagal ang serbisyo at medyo disappointing.,Negative
Hall Rental,7311,"Terrible and awful experience, would not go back.",Negative
Reservation,19670,Sulit na sulit ang booking namin.,Positive
Hall Rental,11489,"It was an okay stay, average service overall.",Neutral
Hall Rental,4209,"Disappointing stay, a total waste of money.",Negative
Hall Rental,6366,Mabagal ang serbisyo at medyo disappointing.,Negative
Entrance,19188,"Beautiful view and very friendly, helpful staff.",Positive
Event,15547,"Standard amenities, fine experience for the price.",Neutral
Room,12579,Hindi gaanong special pero okay naman yung stay.,Neutral
Room,2920,"Dirty rooms, broken aircon, and bad smell.",Negative
Reservation,28774,The service was perfect and absolutely amazing.,Positive
Room,13906,Medyo okay naman ang experience namin.,Neutral
Room,7417,Rude staff and very slow service at reception.,Negative
Reservation,18712,"Beautiful view and very friendly, helpful staff.",Positive
Entrance,8923,"Acceptable quality, sakto lang ang karanasan.",Neutral
Entrance,28542,The service was perfect and absolutely amazing.,Positive
Room,17959,Hindi gaanong special pero okay naman yung stay.,Neutral
Room,17021,Medyo okay naman ang experience namin.,Neutral
Event,9186,Medyo okay naman ang experience namin.,Neutral
Hall Rental,11823,"Standard amenities, fine experience for the price.",Neutral
Reservation,24017,Great value for money and a relaxing vibe.,Positive
Event,3366,Mabagal ang serbisyo at medyo disappointing.,Negative
Reservation,9104,Madumi yung area nung dumating kami.,Negative
Event,15616,"It was an okay stay, average service overall.",Neutral
Event,14711,Good location but service was just standard.,Neutral
Event,14686,Medyo okay naman ang experience namin.,Neutral
Reservation,20136,Walang kupas ang ganda ng pool area.,Positive
Hall Rental,25227,The service was perfect and absolutely amazing.,Positive
Event,4718,Rude staff and very slow service at reception.,Negative
Room,8677,The water was cloudy and the area was messy.,Negative
Room,27972,"Everything was superb, clean, and well-maintained.",Positive
Hall Rental,13162,Hindi gaanong special pero okay naman yung stay.,Neutral
Entrance,5597,Madumi yung area nung dumating kami.,Negative
Entrance,9435,Madumi yung area nung dumating kami.,Negative
Entrance,23010,"Beautiful view and very friendly, helpful staff.",Positive
Entrance,14226,Good location but service was just standard.,Neutral
Reservation,11922,Hindi gaanong special pero okay naman yung stay.,Neutral
Reservation,8025,"Acceptable quality, sakto lang ang karanasan.",Neutral
Hall Rental,2701,Rude staff and very slow service at reception.,Negative
Hall Rental,21668,"Everything was superb, clean, and well-maintained.",Positive
Entrance,8858,"Terrible and awful experience, would not go back.",Negative
Entrance,29484,Walang kupas ang ganda ng pool area.,Positive
Event,16467,"It was an okay stay, average service overall.",Neutral
Entrance,8401,The water was cloudy and the area was messy.,Negative
Hall Rental,3412,Hindi kami nasiyahan sa aming stay dito.,Negative
Reservation,15480,Hindi gaanong special pero okay naman yung stay.,Neutral
Room,2942,"Terrible and awful experience, would not go back.",Negative
Reservation,7069,The water was cloudy and the area was messy.,Negative
Hall Rental,23017,"Excellent facility, highly recommend to everyone!",Positive
Event,2342,"Dirty rooms, broken aircon, and bad smell.",Negative
Room,19910,Great value for money and a relaxing vibe.,Positive
Event,14789,"The room was decent and normal, nothing special.",Neutral
Hall Rental,9995,Madumi yung area nung dumating kami.,Negative
Hall Rental,21262,The service was perfect and absolutely amazing.,Positive
Hall Rental,27337,"Everything was superb, clean, and well-maintained.",Positive
Entrance,2366,"Terrible and awful experience, would not go back.",Negative
Event,13558,The facilities are fine but could be better.,Neutral
Hall Rental,17031,Hindi gaanong special pero okay naman yung stay.,Neutral
Room,10591,Hindi gaanong special pero okay naman yung stay.,Neutral
Hall Rental,22311,Mabait at magalang ang mga staff dito.,Positive
Hall Rental,5799,Mabagal ang serbisyo at medyo disappointing.,Negative
Entrance,22128,"Excellent facility, highly recommend to everyone!",Positive
Event,16525,Mabait at magalang ang mga staff dito.,Positive
Hall Rental,25454,Mabait at magalang ang mga staff dito.,Positive
Hall Rental,6692,Rude staff and very slow service at reception.,Negative
Entrance,8517,"It was an okay stay, average service overall.",Neutral
Room,16002,The facilities are fine but could be better.,Neutral
Hall Rental,15542,Medyo okay naman ang experience namin.,Neutral
Reservation,12283,"Acceptable quality, sakto lang ang karanasan.",Neutral
Hall Rental,14093,The facilities are fine but could be better.,Neutral
Event,9970,"Acceptable quality, sakto lang ang karanasan.",Neutral
Entrance,11306,Good location but service was just standard.,Neutral
Room,10105,"Acceptable quality, sakto lang ang karanasan.",Neutral
Event,16770,Hindi gaanong special pero okay naman yung stay.,Neutral
Entrance,9293,"It was an okay stay, average service overall.",Neutral
Entrance,16931,The facilities are fine but could be better.,Neutral
Event,19732,Mabait at magalang ang mga staff dito.,Positive
Hall Rental,15888,"Acceptable quality, sakto lang ang karanasan.",Neutral
Hall Rental,28836,Walang kupas ang ganda ng pool area.,Positive
Room,5622,Madumi yung area nung dumating kami.,Negative
Hall Rental,16869,Good location but service was just standard.,Neutral
Entrance,9273,"The room was decent and normal, nothing special.",Neutral
Event,7753,The water was cloudy and the area was messy.,Negative
Event,27803,Great value for money and a relaxing vibe.,Positive
Entrance,12390,The facilities are fine but could be better.,Neutral
Room,11558,Medyo okay naman ang experience namin.,Neutral
Entrance,17117,"Acceptable quality, sakto lang ang karanasan.",Neutral
Event,9576,"Dirty rooms, broken aircon, and bad smell.",Negative
Event,9008,Rude staff and very slow service at reception.,Negative
Reservation,5085,"Terrible and awful experience, would not go back.",Negative
Hall Rental,25517,Great value for money and a relaxing vibe.,Positive
Room,14748,"The room was decent and normal, nothing special.",Neutral
Room,4329,"Disappointing stay, a total waste of money.",Negative
Hall Rental,28178,"Everything was superb, clean, and well-maintained.",Positive
Hall Rental,16835,The facilities are fine but could be better.,Neutral
Hall Rental,25677,"Beautiful view and very friendly, helpful staff.",Positive
Hall Rental,17641,"The room was decent and normal, nothing special.",Neutral
Room,3364,Rude staff and very slow service at reception.,Negative
Event,17127,"The room was decent and normal, nothing special.",Neutral
Hall Rental,19133,Sulit na sulit ang booking namin.,Positive
Entrance,27373,Sulit na sulit ang booking namin.,Positive
Reservation,9867,Madumi yung area nung dumating kami.,Negative
Hall Rental,11696,"The room was decent and normal, nothing special.",Neutral
Hall Rental,15468,"Standard amenities, fine experience for the price.",Neutral
Room,11471,"The room was decent and normal, nothing special.",Neutral
Event,15468,The facilities are fine but could be better.,Neutral
Event,8031,Mabagal ang serbisyo at medyo disappointing.,Negative
Room,10240,Hindi gaanong special pero okay naman yung stay.,Neutral
Hall Rental,15918,Sulit na sulit ang booking namin.,Positive
Hall Rental,7045,Madumi yung area nung dumating kami.,Negative
Room,7194,Rude staff and very slow service at reception.,Negative
Reservation,10803,Medyo okay naman ang experience namin.,Neutral
Event,21852,Sulit na sulit ang booking namin.,Positive
Entrance,17060,"Excellent facility, highly recommend to everyone!",Positive
Room,27757,"Beautiful view and very friendly, helpful staff.",Positive
Entrance,18665,"Everything was superb, clean, and well-maintained.",Positive
Reservation,14121,"Acceptable quality, sakto lang ang karanasan.",Neutral
Entrance,3177,"Terrible and awful experience, would not go back.",Negative
Room,19784,"Beautiful view and very friendly, helpful staff.",Positive
Room,27385,Mabait at magalang ang mga staff dito.,Positive
Hall Rental,17427,"Standard amenities, fine experience for the price.",Neutral
Entrance,23007,Walang kupas ang ganda ng pool area.,Positive
Event,2154,Madumi yung area nung dumating kami.,Negative
Entrance,15125,"Beautiful view and very friendly, helpful staff.",Positive
Hall Rental,8140,"Acceptable quality, sakto lang ang karanasan.",Neutral
Reservation,8529,Mabagal ang serbisyo at medyo disappointing.,Negative
Hall Rental,7561,Mabagal ang serbisyo at medyo disappointing.,Negative
Room,17734,Great value for money and a relaxing vibe.,Positive
Entrance,9633,The water was cloudy and the area was messy.,Negative
Reservation,15863,"Beautiful view and very friendly, helpful staff.",Positive
Hall Rental,18108,Great value for money and a relaxing vibe.,Positive
Room,26130,The service was perfect and absolutely amazing.,Positive
Reservation,15193,"Acceptable quality, sakto lang ang karanasan.",Neutral
Event,19183,Sulit na sulit ang booking namin.,Positive
Room,7859,Mabagal ang serbisyo at medyo disappointing.,Negative
Entrance,5052,The water was cloudy and the area was messy.,Negative
Event,7143,"Disappointing stay, a total waste of money.",Negative
Event,16179,Hindi gaanong special pero okay naman yung stay.,Neutral
Hall Rental,11735,"Standard amenities, fine experience for the price.",Neutral
Room,24949,Mabait at magalang ang mga staff dito.,Positive
Event,8991,"It was an okay stay, average service overall.",Neutral
Hall Rental,9319,Mabagal ang serbisyo at medyo disappointing.,Negative
Hall Rental,17551,Mabait at magalang ang mga staff dito.,Positive
Room,27991,Sulit na sulit ang booking namin.,Positive
Reservation,10594,Hindi gaanong special pero okay naman yung stay.,Neutral
Event,6537,"Disappointing stay, a total waste of money.",Negative
Entrance,24268,Sulit na sulit ang booking namin.,Positive
Event,9413,Hindi kami nasiyahan sa aming stay dito.,Negative
Hall Rental,9813,"Disappointing stay, a total waste of money.",Negative
Event,4962,"Terrible and awful experience, would not go back.",Negative
Event,15544,"The room was decent and normal, nothing special.",Neutral
Entrance,9546,Good location but service was just standard.,Neutral
Hall Rental,16428,"Excellent facility, highly recommend to everyone!",Positive
Hall Rental,20056,"Beautiful view and very friendly, helpful staff.",Positive
Room,10504,"Acceptable quality, sakto lang ang karanasan.",Neutral
Event,16605,Mabait at magalang ang mga staff dito.,Positive
Reservation,13067,"The room was decent and normal, nothing special.",Neutral
Entrance,4567,"Dirty rooms, broken aircon, and bad smell.",Negative
Room,27741,"Excellent facility, highly recommend to everyone!",Positive
Hall Rental,4558,"Terrible and awful experience, would not go back.",Negative
Entrance,15537,"The room was decent and normal, nothing special.",Neutral
Hall Rental,17172,Good location but service was just standard.,Neutral
Reservation,15936,"Excellent facility, highly recommend to everyone!",Positive
Entrance,9920,Good location but service was just standard.,Neutral
Event,16887,"Everything was superb, clean, and well-maintained.",Positive
Event,12570,Good location but service was just standard.,Neutral
Room,3176,"Terrible and awful experience, would not go back.",Negative
Reservation,3055,"Dirty rooms, broken aircon, and bad smell.",Negative
Room,15009,Walang kupas ang ganda ng pool area.,Positive
Event,16497,Medyo okay naman ang experience namin.,Neutral
Reservation,15956,Walang kupas ang ganda ng pool area.,Positive
Event,17141,Hindi gaanong special pero okay naman yung stay.,Neutral
Hall Rental,14976,Medyo okay naman ang experience namin.,Neutral
Reservation,17813,"It was an okay stay, average service overall.",Neutral
Event,3314,Rude staff and very slow service at reception.,Negative
Reservation,14588,"Acceptable quality, sakto lang ang karanasan.",Neutral
Reservation,12757,"Standard amenities, fine experience for the price.",Neutral
Entrance,17032,"Standard amenities, fine experience for the price.",Neutral
Room,5392,"Disappointing stay, a total waste of money.",Negative
Room,10096,"Acceptable quality, sakto lang ang karanasan.",Neutral
Hall Rental,26435,Great value for money and a relaxing vibe.,Positive
Room,10610,Hindi gaanong special pero okay naman yung stay.,Neutral
Hall Rental,28121,"Excellent facility, highly recommend to everyone!",Positive
Reservation,20468,"Everything was superb, clean, and well-maintained.",Positive
Hall Rental,8952,Hindi kami nasiyahan sa aming stay dito.,Negative
Hall Rental,7806,"Disappointing stay, a total waste of money.",Negative
Event,2641,Rude staff and very slow service at reception.,Negative
Entrance,25616,Sulit na sulit ang booking namin.,Positive
Reservation,9574,"Acceptable quality, sakto lang ang karanasan.",Neutral
Event,10990,"Standard amenities, fine experience for the price.",Neutral
Reservation,23623,The service was perfect and absolutely amazing.,Positive
Event,23734,Great value for money and a relaxing vibe.,Positive
Event,3850,Mabagal ang serbisyo at medyo disappointing.,Negative
Event,26636,Walang kupas ang ganda ng pool area.,Positive
Room,11968,"It was an okay stay, average service overall.",Neutral
Reservation,2737,Madumi yung area nung dumating kami.,Negative
Event,14892,The facilities are fine but could be better.,Neutral
Hall Rental,2527,Madumi yung area nung dumating kami.,Negative
Hall Rental,28919,"Excellent facility, highly recommend to everyone!",Positive
Reservation,2719,Hindi kami nasiyahan sa aming stay dito.,Negative
Entrance,14450,"Acceptable quality, sakto lang ang karanasan.",Neutral
Room,29846,The service was perfect and absolutely amazing.,Positive
Event,21359,Great value for money and a relaxing vibe.,Positive
Event,4593,"Dirty rooms, broken aircon, and bad smell.",Negative
Event,9688,"Disappointing stay, a total waste of money.",Negative
Reservation,17250,Hindi gaanong special pero okay naman yung stay.,Neutral
Room,9437,"Disappointing stay, a total waste of money.",Negative
Room,6196,Madumi yung area nung dumating kami.,Negative
Entrance,10854,The facilities are fine but could be better.,Neutral
Room,9688,Rude staff and very slow service at reception.,Negative
Reservation,22705,"Excellent facility, highly recommend to everyone!",Positive
Hall Rental,17356,Sulit na sulit ang booking namin.,Positive
Event,9102,Hindi gaanong special pero okay naman yung stay.,Neutral
Hall Rental,28688,The service was perfect and absolutely amazing.,Positive
Reservation,13634,Hindi gaanong special pero okay naman yung stay.,Neutral
Event,7475,The water was cloudy and the area was messy.,Negative
Reservation,20083,Mabait at magalang ang mga staff dito.,Positive
Room,15940,"Standard amenities, fine experience for the price.",Neutral
Hall Rental,3040,"Terrible and awful experience, would not go back.",Negative
Event,7720,Hindi kami nasiyahan sa aming stay dito.,Negative
Event,23942,"Everything was superb, clean, and well-maintained.",Positive
Room,17529,Great value for money and a relaxing vibe.,Positive
Entrance,7812,"Terrible and awful experience, would not go back.",Negative
Reservation,9375,Mabagal ang serbisyo at medyo disappointing.,Negative
Hall Rental,15778,Walang kupas ang ganda ng pool area.,Positive
Event,23533,Mabait at magalang ang mga staff dito.,Positive
Room,10817,Hindi gaanong special pero okay naman yung stay.,Neutral
Reservation,21565,Great value for money and a relaxing vibe.,Positive
Event,15531,The facilities are fine but could be better.,Neutral
Event,11864,"It was an okay stay, average service overall.",Neutral
Event,8639,Rude staff and very slow service at reception.,Negative
Event,16923,Medyo okay naman ang experience namin.,Neutral
Reservation,21190,The service was perfect and absolutely amazing.,Positive
Event,8336,Hindi gaanong special pero okay naman yung stay.,Neutral
Event,7326,"Dirty rooms, broken aircon, and bad smell.",Negative
Hall Rental,8692,"Acceptable quality, sakto lang ang karanasan.",Neutral
Event,6076,Mabagal ang serbisyo at medyo disappointing.,Negative
Hall Rental,5735,Hindi kami nasiyahan sa aming stay dito.,Negative
Hall Rental,20864,Great value for money and a relaxing vibe.,Positive
Event,10618,Hindi gaanong special pero okay naman yung stay.,Neutral
Reservation,7501,"Terrible and awful experience, would not go back.",Negative
Entrance,9900,"It was an okay stay, average service overall.",Neutral
Event,2065,"Disappointing stay, a total waste of money.",Negative
Entrance,2943,Madumi yung area nung dumating kami.,Negative
Event,18036,"Excellent facility, highly recommend to everyone!",Positive
Entrance,2612,Hindi kami nasiyahan sa aming stay dito.,Negative
Entrance,27377,"Everything was superb, clean, and well-maintained.",Positive
Reservation,9443,Rude staff and very slow service at reception.,Negative
Entrance,23232,"Everything was superb, clean, and well-maintained.",Positive
Room,14548,Hindi gaanong special pero okay naman yung stay.,Neutral
Hall Rental,29624,"Beautiful view and very friendly, helpful staff.",Positive
Hall Rental,6567,"Terrible and awful experience, would not go back.",Negative
Entrance,5735,"Dirty rooms, broken aircon, and bad smell.",Negative
Entrance,25361,Mabait at magalang ang mga staff dito.,Positive
Room,2928,"Terrible and awful experience, would not go back.",Negative
Room,5932,"Terrible and awful experience, would not go back.",Negative
Event,2215,"Terrible and awful experience, would not go back.",Negative
Room,2969,Rude staff and very slow service at reception.,Negative
Reservation,17429,The facilities are fine but could be better.,Neutral
Reservation,2087,Madumi yung area nung dumating kami.,Negative
Hall Rental,14239,Medyo okay naman ang experience namin.,Neutral
Event,5127,Madumi yung area nung dumating kami.,Negative
Event,12815,"Standard amenities, fine experience for the price.",Neutral
Entrance,20299,"Beautiful view and very friendly, helpful staff.",Positive
Reservation,17012,"It was an okay stay, average service overall.",Neutral
Hall Rental,3979,"Disappointing stay, a total waste of money.",Negative
Entrance,15905,"Acceptable quality, sakto lang ang karanasan.",Neutral
Event,3273,"Dirty rooms, broken aircon, and bad smell.",Negative
Entrance,15560,"Everything was superb, clean, and well-maintained.",Positive
Entrance,2779,Rude staff and very slow service at reception.,Negative
Hall Rental,8332,"Terrible and awful experience, would not go back.",Negative
Entrance,20854,The service was perfect and absolutely amazing.,Positive
Reservation,8489,Good location but service was just standard.,Neutral
Room,23467,"Excellent facility, highly recommend to everyone!",Positive
Event,21031,Mabait at magalang ang mga staff dito.,Positive
Event,24175,"Excellent facility, highly recommend to everyone!",Positive
Hall Rental,9855,The facilities are fine but could be better.,Neutral
Hall Rental,3045,The water was cloudy and the area was messy.,Negative
Reservation,2225,Madumi yung area nung dumating kami.,Negative
Room,5004,"Dirty rooms, broken aircon, and bad smell.",Negative
Entrance,5096,Rude staff and very slow service at reception.,Negative
Room,15155,Medyo okay naman ang experience namin.,Neutral
Room,25532,Sulit na sulit ang booking namin.,Positive
Room,6163,Madumi yung area nung dumating kami.,Negative
Entrance,4506,"Dirty rooms, broken aircon, and bad smell.",Negative
Room,7698,Rude staff and very slow service at reception.,Negative
Entrance,8226,"Acceptable quality, sakto lang ang karanasan.",Neutral
Reservation,20796,The service was perfect and absolutely amazing.,Positive
Reservation,26754,"Excellent facility, highly recommend to everyone!",Positive
Event,17738,Hindi gaanong special pero okay naman yung stay.,Neutral
Hall Rental,9553,"The room was decent and normal, nothing special.",Neutral
Hall Rental,6433,Madumi yung area nung dumating kami.,Negative
Entrance,11072,Good location but service was just standard.,Neutral
Room,15667,Walang kupas ang ganda ng pool area.,Positive
Reservation,6715,Mabagal ang serbisyo at medyo disappointing.,Negative
Entrance,3664,"Terrible and awful experience, would not go back.",Negative
Hall Rental,17116,Good location but service was just standard.,Neutral
Room,15661,"Beautiful view and very friendly, helpful staff.",Positive
Room,6866,Hindi kami nasiyahan sa aming stay dito.,Negative
Reservation,4156,The water was cloudy and the area was messy.,Negative
Entrance,21353,Walang kupas ang ganda ng pool area.,Positive
Hall Rental,15069,Hindi gaanong special pero okay naman yung stay.,Neutral
Event,8657,The water was cloudy and the area was messy.,Negative
Hall Rental,26939,"Everything was superb, clean, and well-maintained.",Positive
Event,28545,The service was perfect and absolutely amazing.,Positive
Hall Rental,17634,"Everything was superb, clean, and well-maintained.",Positive
Reservation,28503,"Beautiful view and very friendly, helpful staff.",Positive
Reservation,10994,The facilities are fine but could be better.,Neutral
Entrance,7190,"Terrible and awful experience, would not go back.",Negative
Hall Rental,12322,"It was an okay stay, average service overall.",Neutral
Reservation,21986,Mabait at magalang ang mga staff dito.,Positive
Reservation,24793,Great value for money and a relaxing vibe.,Positive
Room,10172,Hindi gaanong special pero okay naman yung stay.,Neutral
Reservation,6844,"Disappointing stay, a total waste of money.",Negative
Room,17865,"It was an okay stay, average service overall.",Neutral
Reservation,9830,"Dirty rooms, broken aircon, and bad smell.",Negative
Hall Rental,15593,Mabait at magalang ang mga staff dito.,Positive
Entrance,2564,Mabagal ang serbisyo at medyo disappointing.,Negative
Reservation,8697,Madumi yung area nung dumating kami.,Negative
Reservation,7530,Hindi kami nasiyahan sa aming stay dito.,Negative
Entrance,4246,"Disappointing stay, a total waste of money.",Negative
Entrance,6873,Madumi yung area nung dumating kami.,Negative
Entrance,9090,Mabagal ang serbisyo at medyo disappointing.,Negative
Reservation,15972,"The room was decent and normal, nothing special.",Neutral
Hall Rental,17421,Good location but service was just standard.,Neutral
Entrance,21981,"Beautiful view and very friendly, helpful staff.",Positive
Event,8923,"Terrible and awful experience, would not go back.",Negative
Hall Rental,17327,"It was an okay stay, average service overall.",Neutral
Room,28164,"Beautiful view and very friendly, helpful staff.",Positive
Room,3541,Hindi kami nasiyahan sa aming stay dito.,Negative
Reservation,28550,Walang kupas ang ganda ng pool area.,Positive
Hall Rental,26296,"Beautiful view and very friendly, helpful staff.",Positive
Reservation,17175,Hindi gaanong special pero okay naman yung stay.,Neutral
Entrance,8703,"It was an okay stay, average service overall.",Neutral
Room,29722,Sulit na sulit ang booking namin.,Positive
Room,19799,Mabait at magalang ang mga staff dito.,Positive
Reservation,3916,"Dirty rooms, broken aircon, and bad smell.",Negative
Reservation,20917,The service was perfect and absolutely amazing.,Positive
Entrance,10032,Hindi gaanong special pero okay naman yung stay.,Neutral
Reservation,22576,The service was perfect and absolutely amazing.,Positive
Entrance,19107,Great value for money and a relaxing vibe.,Positive
Reservation,18030,Mabait at magalang ang mga staff dito.,Positive
Hall Rental,3052,"Disappointing stay, a total waste of money.",Negative
Event,16872,"It was an okay stay, average service overall.",Neutral
Entrance,28479,The service was perfect and absolutely amazing.,Positive
Event,6486,The water was cloudy and the area was messy.,Negative
Hall Rental,17867,"Acceptable quality, sakto lang ang karanasan.",Neutral
Room,17023,Mabait at magalang ang mga staff dito.,Positive
Hall Rental,15950,Good location but service was just standard.,Neutral
Event,15263,"The room was decent and normal, nothing special.",Neutral
Reservation,27149,"Everything was superb, clean, and well-maintained.",Positive
Event,12933,The facilities are fine but could be better.,Neutral
Hall Rental,15951,"Standard amenities, fine experience for the price.",Neutral
Hall Rental,25902,"Everything was superb, clean, and well-maintained.",Positive
Room,28216,The service was perfect and absolutely amazing.,Positive
Hall Rental,7441,The water was cloudy and the area was messy.,Negative
Reservation,25322,Sulit na sulit ang booking namin.,Positive
Reservation,27120,"Beautiful view and very friendly, helpful staff.",Positive
Room,16750,The service was perfect and absolutely amazing.,Positive
Entrance,21949,Mabait at magalang ang mga staff dito.,Positive
Reservation,12318,Medyo okay naman ang experience namin.,Neutral
Room,2331,"Disappointing stay, a total waste of money.",Negative
Entrance,8631,Good location but service was just standard.,Neutral
Entrance,25738,Great value for money and a relaxing vibe.,Positive
Entrance,6876,"Terrible and awful experience, would not go back.",Negative
Reservation,18727,"Excellent facility, highly recommend to everyone!",Positive
Entrance,19037,"Everything was superb, clean, and well-maintained.",Positive
Reservation,10368,Medyo okay naman ang experience namin.,Neutral
Entrance,11792,Medyo okay naman ang experience namin.,Neutral
Hall Rental,3164,Mabagal ang serbisyo at medyo disappointing.,Negative
Room,12063,"Standard amenities, fine experience for the price.",Neutral
Hall Rental,3221,"Dirty rooms, broken aircon, and bad smell.",Negative
Reservation,27436,"Beautiful view and very friendly, helpful staff.",Positive
Entrance,13457,"Standard amenities, fine experience for the price.",Neutral
Room,11811,Medyo okay naman ang experience namin.,Neutral
Room,8762,The water was cloudy and the area was messy.,Negative
Reservation,26040,The service was perfect and absolutely amazing.,Positive
Reservation,9116,The water was cloudy and the area was messy.,Negative
Hall Rental,8258,Hindi gaanong special pero okay naman yung stay.,Neutral
Reservation,6114,The water was cloudy and the area was messy.,Negative
Event,7275,"Dirty rooms, broken aircon, and bad smell.",Negative
Entrance,16933,"Acceptable quality, sakto lang ang karanasan.",Neutral
Entrance,21279,Sulit na sulit ang booking namin.,Positive
Reservation,5020,Mabagal ang serbisyo at medyo disappointing.,Negative
Room,9895,The facilities are fine but could be better.,Neutral
Reservation,9504,"Disappointing stay, a total waste of money.",Negative
Hall Rental,10575,Hindi gaanong special pero okay naman yung stay.,Neutral
Reservation,8998,Hindi kami nasiyahan sa aming stay dito.,Negative
Room,7602,Madumi yung area nung dumating kami.,Negative
Event,23554,Mabait at magalang ang mga staff dito.,Positive
Reservation,6166,"Terrible and awful experience, would not go back.",Negative
Hall Rental,26348,Sulit na sulit ang booking namin.,Positive
Event,26938,"Excellent facility, highly recommend to everyone!",Positive
Event,28547,Mabait at magalang ang mga staff dito.,Positive
Entrance,28575,Sulit na sulit ang booking namin.,Positive
Event,8264,"The room was decent and normal, nothing special.",Neutral
Room,16895,"Standard amenities, fine experience for the price.",Neutral
Hall Rental,12976,Good location but service was just standard.,Neutral
Hall Rental,24442,"Everything was superb, clean, and well-maintained.",Positive
Reservation,9409,"It was an okay stay, average service overall.",Neutral
Entrance,9117,Good location but service was just standard.,Neutral
Entrance,20560,Mabait at magalang ang mga staff dito.,Positive
Room,7944,"Terrible and awful experience, would not go back.",Negative
Room,4897,"Disappointing stay, a total waste of money.",Negative
Reservation,14855,Good location but service was just standard.,Neutral
Hall Rental,27345,Great value for money and a relaxing vibe.,Positive
Event,27857,The service was perfect and absolutely amazing.,Positive
Entrance,7398,"Terrible and awful experience, would not go back.",Negative
Entrance,7095,"Terrible and awful experience, would not go back.",Negative
Entrance,20619,"Beautiful view and very friendly, helpful staff.",Positive
Hall Rental,22004,Mabait at magalang ang mga staff dito.,Positive
Room,7825,"Dirty rooms, broken aircon, and bad smell.",Negative
Entrance,3465,"Dirty rooms, broken aircon, and bad smell.",Negative
Entrance,2659,Mabagal ang serbisyo at medyo disappointing.,Negative
Event,11750,The facilities are fine but could be better.,Neutral
Event,9135,Hindi kami nasiyahan sa aming stay dito.,Negative
Event,2328,Madumi yung area nung dumating kami.,Negative
Reservation,24768,Walang kupas ang ganda ng pool area.,Positive
Entrance,14439,The facilities are fine but could be better.,Neutral
Hall Rental,8757,"Standard amenities, fine experience for the price.",Neutral
Room,18769,The service was perfect and absolutely amazing.,Positive
Entrance,28140,"Beautiful view and very friendly, helpful staff.",Positive
Room,23320,Great value for money and a relaxing vibe.,Positive
Room,6354,Rude staff and very slow service at reception.,Negative
Room,10535,"The room was decent and normal, nothing special.",Neutral
Hall Rental,3820,Rude staff and very slow service at reception.,Negative
Entrance,8617,Hindi kami nasiyahan sa aming stay dito.,Negative
Reservation,5560,"Terrible and awful experience, would not go back.",Negative
Entrance,9116,Madumi yung area nung dumating kami.,Negative
Hall Rental,15927,Good location but service was just standard.,Neutral
Reservation,10539,"Standard amenities, fine experience for the price.",Neutral
Reservation,8931,"Acceptable quality, sakto lang ang karanasan.",Neutral
Entrance,4809,Mabagal ang serbisyo at medyo disappointing.,Negative
Event,5462,Madumi yung area nung dumating kami.,Negative
Reservation,18144,Mabait at magalang ang mga staff dito.,Positive
Event,13750,Medyo okay naman ang experience namin.,Neutral
Hall Rental,9930,Madumi yung area nung dumating kami.,Negative
Room,16315,"Standard amenities, fine experience for the price.",Neutral
Event,24847,The service was perfect and absolutely amazing.,Positive
Hall Rental,17821,Hindi gaanong special pero okay naman yung stay.,Neutral
Room,17306,Hindi gaanong special pero okay naman yung stay.,Neutral
Event,4155,"Dirty rooms, broken aircon, and bad smell.",Negative
Reservation,16682,"Everything was superb, clean, and well-maintained.",Positive
Entrance,24439,The service was perfect and absolutely amazing.,Positive
Reservation,8325,Hindi gaanong special pero okay naman yung stay.,Neutral
Reservation,23684,"Everything was superb, clean, and well-maintained.",Positive
Hall Rental,12591,Good location but service was just standard.,Neutral
Hall Rental,21910,Sulit na sulit ang booking namin.,Positive
Reservation,13619,"The room was decent and normal, nothing special.",Neutral
Hall Rental,9709,Madumi yung area nung dumating kami.,Negative
Event,6270,"Dirty rooms, broken aircon, and bad smell.",Negative
Reservation,15392,Walang kupas ang ganda ng pool area.,Positive
Event,19555,Walang kupas ang ganda ng pool area.,Positive
Reservation,26475,Great value for money and a relaxing vibe.,Positive
Event,12290,Hindi gaanong special pero okay naman yung stay.,Neutral
Entrance,23795,The service was perfect and absolutely amazing.,Positive
Event,14628,The facilities are fine but could be better.,Neutral
Room,13618,"Standard amenities, fine experience for the price.",Neutral
Room,12821,"The room was decent and normal, nothing special.",Neutral
Hall Rental,19736,Walang kupas ang ganda ng pool area.,Positive
Reservation,3751,"Disappointing stay, a total waste of money.",Negative
Hall Rental,17496,The service was perfect and absolutely amazing.,Positive
Entrance,6976,"Disappointing stay, a total waste of money.",Negative
Event,11171,Medyo okay naman ang experience namin.,Neutral
Hall Rental,15404,"It was an okay stay, average service overall.",Neutral
Hall Rental,3167,"Terrible and awful experience, would not go back.",Negative
Reservation,14241,"Standard amenities, fine experience for the price.",Neutral
Entrance,15697,Medyo okay naman ang experience namin.,Neutral
Reservation,16249,"Everything was superb, clean, and well-maintained.",Positive
Entrance,16185,Medyo okay naman ang experience namin.,Neutral
Room,6505,"Terrible and awful experience, would not go back.",Negative
Room,9813,The water was cloudy and the area was messy.,Negative
Event,4716,"Terrible and awful experience, would not go back.",Negative
Entrance,26163,"Beautiful view and very friendly, helpful staff.",Positive
Room,24160,"Excellent facility, highly recommend to everyone!",Positive
Reservation,15950,"Beautiful view and very friendly, helpful staff.",Positive
Event,13904,"The room was decent and normal, nothing special.",Neutral
Entrance,4263,Hindi kami nasiyahan sa aming stay dito.,Negative
Entrance,18041,Sulit na sulit ang booking namin.,Positive
Room,17205,"Everything was superb, clean, and well-maintained.",Positive
Hall Rental,10822,Good location but service was just standard.,Neutral
Entrance,2503,Rude staff and very slow service at reception.,Negative
Room,13941,The facilities are fine but could be better.,Neutral
Entrance,6440,"Dirty rooms, broken aircon, and bad smell.",Negative
Hall Rental,24610,Great value for money and a relaxing vibe.,Positive
Entrance,13232,"Standard amenities, fine experience for the price.",Neutral
Hall Rental,9873,"It was an okay stay, average service overall.",Neutral
Reservation,29996,Sulit na sulit ang booking namin.,Positive
Event,17665,"The room was decent and normal, nothing special.",Neutral
Room,2522,"Dirty rooms, broken aircon, and bad smell.",Negative
Room,29671,Mabait at magalang ang mga staff dito.,Positive
Room,25139,Mabait at magalang ang mga staff dito.,Positive
Entrance,8283,Madumi yung area nung dumating kami.,Negative
Hall Rental,8781,"Acceptable quality, sakto lang ang karanasan.",Neutral
Event,20897,Great value for money and a relaxing vibe.,Positive
Reservation,9461,"Acceptable quality, sakto lang ang karanasan.",Neutral
Hall Rental,14646,The facilities are fine but could be better.,Neutral
Event,6354,Madumi yung area nung dumating kami.,Negative
Entrance,28494,Mabait at magalang ang mga staff dito.,Positive
Room,8183,"Terrible and awful experience, would not go back.",Negative
Reservation,17192,The service was perfect and absolutely amazing.,Positive
Hall Rental,10505,Good location but service was just standard.,Neutral
Room,11687,"It was an okay stay, average service overall.",Neutral
Room,4683,Rude staff and very slow service at reception.,Negative
Reservation,19425,Sulit na sulit ang booking namin.,Positive
Event,13552,Hindi gaanong special pero okay naman yung stay.,Neutral
Hall Rental,17786,Medyo okay naman ang experience namin.,Neutral
Entrance,8057,"Disappointing stay, a total waste of money.",Negative
Hall Rental,20954,Sulit na sulit ang booking namin.,Positive
Room,13552,The facilities are fine but could be better.,Neutral
Event,18943,"Excellent facility, highly recommend to everyone!",Positive
Event,25382,Mabait at magalang ang mga staff dito.,Positive
Event,10077,The facilities are fine but could be better.,Neutral
Room,9230,The facilities are fine but could be better.,Neutral
Hall Rental,9797,"Disappointing stay, a total waste of money.",Negative
Room,22898,Mabait at magalang ang mga staff dito.,Positive
Entrance,21469,Great value for money and a relaxing vibe.,Positive
Event,22266,Great value for money and a relaxing vibe.,Positive
Hall Rental,3140,Mabagal ang serbisyo at medyo disappointing.,Negative
Event,23591,Sulit na sulit ang booking namin.,Positive
Reservation,6528,Madumi yung area nung dumating kami.,Negative
Event,2734,The water was cloudy and the area was messy.,Negative
Hall Rental,10130,Hindi gaanong special pero okay naman yung stay.,Neutral
Hall Rental,16560,"Standard amenities, fine experience for the price.",Neutral
Hall Rental,16343,"Excellent facility, highly recommend to everyone!",Positive
Event,24721,Walang kupas ang ganda ng pool area.,Positive
Hall Rental,9823,"Standard amenities, fine experience for the price.",Neutral
Room,7853,Mabagal ang serbisyo at medyo disappointing.,Negative
Entrance,18394,Walang kupas ang ganda ng pool area.,Positive
Hall Rental,6157,"Dirty rooms, broken aircon, and bad smell.",Negative
Reservation,2672,"Disappointing stay, a total waste of money.",Negative
Event,10850,"It was an okay stay, average service overall.",Neutral
Event,7024,"Terrible and awful experience, would not go back.",Negative
Reservation,7949,Mabagal ang serbisyo at medyo disappointing.,Negative
Entrance,22177,The service was perfect and absolutely amazing.,Positive
Entrance,15541,"Everything was superb, clean, and well-maintained.",Positive
Event,17071,Great value for money and a relaxing vibe.,Positive
Reservation,5199,"Dirty rooms, broken aircon, and bad smell.",Negative
Entrance,21047,Walang kupas ang ganda ng pool area.,Positive
Entrance,18876,Walang kupas ang ganda ng pool area.,Positive
Room,8124,"The room was decent and normal, nothing special.",Neutral
Event,15365,Sulit na sulit ang booking namin.,Positive
Hall Rental,19839,"Excellent facility, highly recommend to everyone!",Positive
Hall Rental,8591,"Disappointing stay, a total waste of money.",Negative
Room,23785,Mabait at magalang ang mga staff dito.,Positive
Hall Rental,9382,"Dirty rooms, broken aircon, and bad smell.",Negative
Entrance,10468,"It was an okay stay, average service overall.",Neutral
Room,29596,"Everything was superb, clean, and well-maintained.",Positive
Entrance,10775,"Standard amenities, fine experience for the price.",Neutral
Event,28875,"Excellent facility, highly recommend to everyone!",Positive
Entrance,14324,"It was an okay stay, average service overall.",Neutral
Entrance,25954,Sulit na sulit ang booking namin.,Positive
Event,12033,"Standard amenities, fine experience for the price.",Neutral
Reservation,6493,Mabagal ang serbisyo at medyo disappointing.,Negative
Event,13780,Hindi gaanong special pero okay naman yung stay.,Neutral
Entrance,25145,"Beautiful view and very friendly, helpful staff.",Positive
Room,7615,Madumi yung area nung dumating kami.,Negative
Entrance,11318,"It was an okay stay, average service overall.",Neutral
Hall Rental,3749,Rude staff and very slow service at reception.,Negative
Hall Rental,2564,Madumi yung area nung dumating kami.,Negative
Room,8361,Mabagal ang serbisyo at medyo disappointing.,Negative
Room,23427,Mabait at magalang ang mga staff dito.,Positive
Event,9094,"Standard amenities, fine experience for the price.",Neutral
Hall Rental,18380,Great value for money and a relaxing vibe.,Positive
Entrance,22010,"Beautiful view and very friendly, helpful staff.",Positive
Hall Rental,12444,Good location but service was just standard.,Neutral
Reservation,23707,Great value for money and a relaxing vibe.,Positive
Reservation,14460,"Standard amenities, fine experience for the price.",Neutral
Entrance,12000,"Acceptable quality, sakto lang ang karanasan.",Neutral
Entrance,26704,"Everything was superb, clean, and well-maintained.",Positive
Reservation,13454,Hindi gaanong special pero okay naman yung stay.,Neutral
Reservation,8727,"Standard amenities, fine experience for the price.",Neutral
Room,28014,"Beautiful view and very friendly, helpful staff.",Positive
Entrance,14603,Medyo okay naman ang experience namin.,Neutral
Entrance,20408,Walang kupas ang ganda ng pool area.,Positive
Entrance,4570,"Dirty rooms, broken aircon, and bad smell.",Negative
Reservation,16848,"It was an okay stay, average service overall.",Neutral
Hall Rental,22350,Sulit na sulit ang booking namin.,Positive
Entrance,11398,"Acceptable quality, sakto lang ang karanasan.",Neutral
Event,22179,"Excellent facility, highly recommend to everyone!",Positive
Room,9666,"Acceptable quality, sakto lang ang karanasan.",Neutral
Room,5192,"Dirty rooms, broken aircon, and bad smell.",Negative
Reservation,2838,Mabagal ang serbisyo at medyo disappointing.,Negative
Room,27605,Great value for money and a relaxing vibe.,Positive
Room,14169,"Standard amenities, fine experience for the price.",Neutral
Entrance,16394,"Beautiful view and very friendly, helpful staff.",Positive
Entrance,8634,The facilities are fine but could be better.,Neutral
Hall Rental,15860,Sulit na sulit ang booking namin.,Positive
Event,21643,Sulit na sulit ang booking namin.,Positive
Hall Rental,13578,"The room was decent and normal, nothing special.",Neutral
Reservation,15922,"Standard amenities, fine experience for the price.",Neutral
Entrance,17051,Mabait at magalang ang mga staff dito.,Positive
Hall Rental,13347,"It was an okay stay, average service overall.",Neutral
Room,2547,Madumi yung area nung dumating kami.,Negative
Event,23352,"Everything was superb, clean, and well-maintained.",Positive
Room,7585,Madumi yung area nung dumating kami.,Negative
Event,22079,Sulit na sulit ang booking namin.,Positive
Entrance,4824,The water was cloudy and the area was messy.,Negative
Entrance,16995,Hindi gaanong special pero okay naman yung stay.,Neutral
Hall Rental,10672,"Standard amenities, fine experience for the price.",Neutral
Room,7904,"Dirty rooms, broken aircon, and bad smell.",Negative
Entrance,29437,"Everything was superb, clean, and well-maintained.",Positive
Event,5793,Hindi kami nasiyahan sa aming stay dito.,Negative
Room,2587,"Terrible and awful experience, would not go back.",Negative
Entrance,26834,Sulit na sulit ang booking namin.,Positive
Entrance,11861,Medyo okay naman ang experience namin.,Neutral
Reservation,23632,Great value for money and a relaxing vibe.,Positive
Hall Rental,6275,"Disappointing stay, a total waste of money.",Negative
Reservation,16016,Hindi gaanong special pero okay naman yung stay.,Neutral
Event,9216,Good location but service was just standard.,Neutral
Event,29215,Mabait at magalang ang mga staff dito.,Positive
Room,21059,Walang kupas ang ganda ng pool area.,Positive
Room,14547,The facilities are fine but could be better.,Neutral
Hall Rental,7265,Mabagal ang serbisyo at medyo disappointing.,Negative
Entrance,15153,The service was perfect and absolutely amazing.,Positive
Room,19000,The service was perfect and absolutely amazing.,Positive
Room,10259,"The room was decent and normal, nothing special.",Neutral
Reservation,16548,"The room was decent and normal, nothing special.",Neutral
Hall Rental,16929,"Everything was superb, clean, and well-maintained.",Positive
Hall Rental,9134,"Standard amenities, fine experience for the price.",Neutral
Event,8068,The water was cloudy and the area was messy.,Negative
Event,8929,The facilities are fine but could be better.,Neutral
Event,8375,Mabagal ang serbisyo at medyo disappointing.,Negative
Reservation,9152,"Dirty rooms, broken aircon, and bad smell.",Negative
Event,15995,Mabait at magalang ang mga staff dito.,Positive
Room,9647,The facilities are fine but could be better.,Neutral
Event,23082,The service was perfect and absolutely amazing.,Positive
Room,4181,Madumi yung area nung dumating kami.,Negative
Event,11809,"Standard amenities, fine experience for the price.",Neutral
Hall Rental,8521,Madumi yung area nung dumating kami.,Negative
Event,15661,Walang kupas ang ganda ng pool area.,Positive
Room,16092,The facilities are fine but could be better.,Neutral
Entrance,2890,"Disappointing stay, a total waste of money.",Negative
Entrance,10504,Good location but service was just standard.,Neutral
Event,26794,Mabait at magalang ang mga staff dito.,Positive
Reservation,25852,"Everything was superb, clean, and well-maintained.",Positive
Room,13951,"It was an okay stay, average service overall.",Neutral
Entrance,29502,The service was perfect and absolutely amazing.,Positive
Entrance,7923,Mabagal ang serbisyo at medyo disappointing.,Negative
Event,9131,Rude staff and very slow service at reception.,Negative
Event,11183,"Acceptable quality, sakto lang ang karanasan.",Neutral
Reservation,25047,Great value for money and a relaxing vibe.,Positive
Reservation,6018,The water was cloudy and the area was messy.,Negative
Hall Rental,8990,"It was an okay stay, average service overall.",Neutral
Reservation,16475,Hindi gaanong special pero okay naman yung stay.,Neutral
Event,27237,Great value for money and a relaxing vibe.,Positive
Room,22285,Great value for money and a relaxing vibe.,Positive
Hall Rental,16089,"It was an okay stay, average service overall.",Neutral
Event,22790,The service was perfect and absolutely amazing.,Positive
Reservation,3517,"Dirty rooms, broken aircon, and bad smell.",Negative
Reservation,9651,Medyo okay naman ang experience namin.,Neutral
Reservation,17797,"Acceptable quality, sakto lang ang karanasan.",Neutral
Entrance,12042,"Standard amenities, fine experience for the price.",Neutral
Entrance,12426,"It was an okay stay, average service overall.",Neutral
Hall Rental,14696,The facilities are fine but could be better.,Neutral
Room,7946,Hindi kami nasiyahan sa aming stay dito.,Negative
Entrance,7210,Madumi yung area nung dumating kami.,Negative
Event,15688,The service was perfect and absolutely amazing.,Positive
Hall Rental,15081,The facilities are fine but could be better.,Neutral
Event,23125,"Excellent facility, highly recommend to everyone!",Positive
Room,2585,Hindi kami nasiyahan sa aming stay dito.,Negative
Entrance,5653,"Disappointing stay, a total waste of money.",Negative
Event,4100,Mabagal ang serbisyo at medyo disappointing.,Negative
Room,17969,The service was perfect and absolutely amazing.,Positive
Entrance,8758,The water was cloudy and the area was messy.,Negative
Hall Rental,5150,Madumi yung area nung dumating kami.,Negative
Room,2231,"Disappointing stay, a total waste of money.",Negative
Hall Rental,23609,"Beautiful view and very friendly, helpful staff.",Positive
Hall Rental,17729,"Acceptable quality, sakto lang ang karanasan.",Neutral
Event,22373,"Beautiful view and very friendly, helpful staff.",Positive
Reservation,10842,"Standard amenities, fine experience for the price.",Neutral
Room,8870,Good location but service was just standard.,Neutral
Hall Rental,10763,"The room was decent and normal, nothing special.",Neutral
Entrance,4415,The water was cloudy and the area was messy.,Negative
Hall Rental,25535,"Excellent facility, highly recommend to everyone!",Positive
Room,8782,"Dirty rooms, broken aircon, and bad smell.",Negative
Reservation,2604,"Terrible and awful experience, would not go back.",Negative
Hall Rental,12988,Good location but service was just standard.,Neutral
Reservation,8117,"Disappointing stay, a total waste of money.",Negative
Hall Rental,17433,Great value for money and a relaxing vibe.,Positive
Room,17866,The service was perfect and absolutely amazing.,Positive
Hall Rental,24687,Walang kupas ang ganda ng pool area.,Positive
Reservation,26725,Great value for money and a relaxing vibe.,Positive
Reservation,12928,The facilities are fine but could be better.,Neutral
Reservation,23712,"Everything was superb, clean, and well-maintained.",Positive
Entrance,13505,Medyo okay naman ang experience namin.,Neutral
Reservation,8646,"Terrible and awful experience, would not go back.",Negative
Entrance,23636,"Excellent facility, highly recommend to everyone!",Positive
Room,9716,"Standard amenities, fine experience for the price.",Neutral
Reservation,25816,Great value for money and a relaxing vibe.,Positive
Entrance,19014,Walang kupas ang ganda ng pool area.,Positive
Hall Rental,15178,"Acceptable quality, sakto lang ang karanasan.",Neutral
Reservation,9881,"Acceptable quality, sakto lang ang karanasan.",Neutral
Hall Rental,26870,"Beautiful view and very friendly, helpful staff.",Positive
Event,9797,"Disappointing stay, a total waste of money.",Negative
Hall Rental,14644,Good location but service was just standard.,Neutral
Hall Rental,10773,"Acceptable quality, sakto lang ang karanasan.",Neutral
Room,6503,Hindi kami nasiyahan sa aming stay dito.,Negative
Entrance,10068,"Acceptable quality, sakto lang ang karanasan.",Neutral
Room,16469,Medyo okay naman ang experience namin.,Neutral
Reservation,4806,Mabagal ang serbisyo at medyo disappointing.,Negative
Reservation,21656,"Everything was superb, clean, and well-maintained.",Positive
Event,6241,"Terrible and awful experience, would not go back.",Negative
Hall Rental,5598,"Disappointing stay, a total waste of money.",Negative
Entrance,15927,"Standard amenities, fine experience for the price.",Neutral
Event,16775,The facilities are fine but could be better.,Neutral
Reservation,9690,"Disappointing stay, a total waste of money.",Negative
Entrance,17673,Good location but service was just standard.,Neutral
Room,22112,Sulit na sulit ang booking namin.,Positive
Room,28645,"Excellent facility, highly recommend to everyone!",Positive
Room,17290,The facilities are fine but could be better.,Neutral
Entrance,21949,"Excellent facility, highly recommend to everyone!",Positive
Entrance,8103,The water was cloudy and the area was messy.,Negative
Reservation,11927,Medyo okay naman ang experience namin.,Neutral
Event,10224,"The room was decent and normal, nothing special.",Neutral
Reservation,15742,"It was an okay stay, average service overall.",Neutral
Hall Rental,16263,"It was an okay stay, average service overall.",Neutral
Room,8255,"Terrible and awful experience, would not go back.",Negative
Hall Rental,24087,The service was perfect and absolutely amazing.,Positive
Reservation,9099,Mabagal ang serbisyo at medyo disappointing.,Negative
Reservation,4892,The water was cloudy and the area was messy.,Negative
Event,16762,"Beautiful view and very friendly, helpful staff.",Positive
Reservation,6187,Mabagal ang serbisyo at medyo disappointing.,Negative
Entrance,4079,"Dirty rooms, broken aircon, and bad smell.",Negative
Hall Rental,21783,The service was perfect and absolutely amazing.,Positive
Entrance,13126,"Standard amenities, fine experience for the price.",Neutral
Event,12873,The facilities are fine but could be better.,Neutral
Reservation,22253,Great value for money and a relaxing vibe.,Positive
Room,18343,The service was perfect and absolutely amazing.,Positive
Hall Rental,18300,Sulit na sulit ang booking namin.,Positive
Entrance,17752,Mabait at magalang ang mga staff dito.,Positive
Reservation,8816,Medyo okay naman ang experience namin.,Neutral
Event,25749,"Excellent facility, highly recommend to everyone!",Positive
Room,12009,Good location but service was just standard.,Neutral
Event,11923,"Acceptable quality, sakto lang ang karanasan.",Neutral
Room,26811,"Excellent facility, highly recommend to everyone!",Positive
Room,16560,Hindi gaanong special pero okay naman yung stay.,Neutral
Event,9833,"Terrible and awful experience, would not go back.",Negative
Hall Rental,12204,"The room was decent and normal, nothing special.",Neutral
Room,17479,"Excellent facility, highly recommend to everyone!",Positive
Hall Rental,12994,"It was an okay stay, average service overall.",Neutral
Entrance,9680,"Disappointing stay, a total waste of money.",Negative
Event,7925,"Disappointing stay, a total waste of money.",Negative
Room,8996,"Disappointing stay, a total waste of money.",Negative
Event,2478,"Terrible and awful experience, would not go back.",Negative
Reservation,4358,Rude staff and very slow service at reception.,Negative
Reservation,26352,Sulit na sulit ang booking namin.,Positive
Event,2257,Madumi yung area nung dumating kami.,Negative
Entrance,15282,Hindi gaanong special pero okay naman yung stay.,Neutral
Reservation,16712,"Standard amenities, fine experience for the price.",Neutral
Room,5365,Madumi yung area nung dumating kami.,Negative
Event,16229,The service was perfect and absolutely amazing.,Positive
Room,10785,Good location but service was just standard.,Neutral
Event,23941,Sulit na sulit ang booking namin.,Positive
Entrance,16868,Mabait at magalang ang mga staff dito.,Positive
Hall Rental,6379,Mabagal ang serbisyo at medyo disappointing.,Negative
Reservation,11278,"Standard amenities, fine experience for the price.",Neutral
Reservation,8202,"Terrible and awful experience, would not go back.",Negative
Reservation,5567,Rude staff and very slow service at reception.,Negative
Room,7321,"Dirty rooms, broken aircon, and bad smell.",Negative
Event,9162,"Dirty rooms, broken aircon, and bad smell.",Negative
Hall Rental,2479,The water was cloudy and the area was messy.,Negative
Event,26451,Sulit na sulit ang booking namin.,Positive
Hall Rental,2595,"Dirty rooms, broken aircon, and bad smell.",Negative
Hall Rental,5836,Hindi kami nasiyahan sa aming stay dito.,Negative
Entrance,25582,Walang kupas ang ganda ng pool area.,Positive
Hall Rental,6224,The water was cloudy and the area was messy.,Negative
Room,17968,Hindi gaanong special pero okay naman yung stay.,Neutral
Hall Rental,5454,"Dirty rooms, broken aircon, and bad smell.",Negative
Reservation,3357,"Dirty rooms, broken aircon, and bad smell.",Negative
Entrance,16436,"The room was decent and normal, nothing special.",Neutral
Entrance,20782,The service was perfect and absolutely amazing.,Positive
Event,9631,"Disappointing stay, a total waste of money.",Negative
Entrance,6887,"Disappointing stay, a total waste of money.",Negative
Reservation,25248,Sulit na sulit ang booking namin.,Positive
Room,14476,"Standard amenities, fine experience for the price.",Neutral
Hall Rental,18452,Walang kupas ang ganda ng pool area.,Positive
Reservation,17836,"It was an okay stay, average service overall.",Neutral
Event,5018,"Dirty rooms, broken aircon, and bad smell.",Negative
Event,8370,"Disappointing stay, a total waste of money.",Negative
Hall Rental,12931,Medyo okay naman ang experience namin.,Neutral
Hall Rental,25361,"Beautiful view and very friendly, helpful staff.",Positive
Hall Rental,9645,The water was cloudy and the area was messy.,Negative
Entrance,3601,Hindi kami nasiyahan sa aming stay dito.,Negative
Hall Rental,9268,"It was an okay stay, average service overall.",Neutral
Entrance,17806,"Excellent facility, highly recommend to everyone!",Positive
Event,15716,Great value for money and a relaxing vibe.,Positive
Hall Rental,26829,Great value for money and a relaxing vibe.,Positive
Event,16135,"The room was decent and normal, nothing special.",Neutral
Event,28711,The service was perfect and absolutely amazing.,Positive
Reservation,15129,The facilities are fine but could be better.,Neutral
Hall Rental,9442,"Acceptable quality, sakto lang ang karanasan.",Neutral
Room,27611,Sulit na sulit ang booking namin.,Positive
Hall Rental,12922,"Standard amenities, fine experience for the price.",Neutral
Room,10158,"Acceptable quality, sakto lang ang karanasan.",Neutral
Event,14716,"Standard amenities, fine experience for the price.",Neutral
Room,16706,"Standard amenities, fine experience for the price.",Neutral
Reservation,15082,Hindi gaanong special pero okay naman yung stay.,Neutral
Hall Rental,8660,The facilities are fine but could be better.,Neutral
Event,8422,Hindi gaanong special pero okay naman yung stay.,Neutral
Hall Rental,23311,The service was perfect and absolutely amazing.,Positive
Hall Rental,2219,Hindi kami nasiyahan sa aming stay dito.,Negative
Entrance,26692,"Beautiful view and very friendly, helpful staff.",Positive
Entrance,21420,"Everything was superb, clean, and well-maintained.",Positive
Event,5398,The water was cloudy and the area was messy.,Negative
Hall Rental,8380,"Terrible and awful experience, would not go back.",Negative
Room,29350,Walang kupas ang ganda ng pool area.,Positive
Hall Rental,28125,"Excellent facility, highly recommend to everyone!",Positive
Event,26151,Sulit na sulit ang booking namin.,Positive
Room,9715,Madumi yung area nung dumating kami.,Negative
Reservation,12422,Hindi gaanong special pero okay naman yung stay.,Neutral
Event,18239,Walang kupas ang ganda ng pool area.,Positive
Room,3777,"Dirty rooms, broken aircon, and bad smell.",Negative
Hall Rental,2719,Madumi yung area nung dumating kami.,Negative
Reservation,8597,"It was an okay stay, average service overall.",Neutral
Reservation,17009,Medyo okay naman ang experience namin.,Neutral
Reservation,7802,"Dirty rooms, broken aircon, and bad smell.",Negative
Hall Rental,8270,"Standard amenities, fine experience for the price.",Neutral
Event,15539,"Everything was superb, clean, and well-maintained.",Positive
Entrance,28959,"Beautiful view and very friendly, helpful staff.",Positive
Reservation,8082,"Acceptable quality, sakto lang ang karanasan.",Neutral
Event,5029,The water was cloudy and the area was messy.,Negative
Hall Rental,19107,Sulit na sulit ang booking namin.,Positive
Entrance,12624,Medyo okay naman ang experience namin.,Neutral
Event,15538,Good location but service was just standard.,Neutral
Room,27322,"Beautiful view and very friendly, helpful staff.",Positive
Reservation,11786,"The room was decent and normal, nothing special.",Neutral
Event,4765,Rude staff and very slow service at reception.,Negative
Hall Rental,5967,Madumi yung area nung dumating kami.,Negative
Entrance,17976,The service was perfect and absolutely amazing.,Positive
Reservation,23662,Walang kupas ang ganda ng pool area.,Positive
Room,13002,Good location but service was just standard.,Neutral
Event,9774,"Standard amenities, fine experience for the price.",Neutral
Entrance,11667,Medyo okay naman ang experience namin.,Neutral
Hall Rental,22062,Great value for money and a relaxing vibe.,Positive
Reservation,28454,Mabait at magalang ang mga staff dito.,Positive
Reservation,5590,"Dirty rooms, broken aircon, and bad smell.",Negative
Hall Rental,10806,Good location but service was just standard.,Neutral
Room,7643,"Dirty rooms, broken aircon, and bad smell.",Negative
Event,8014,"Terrible and awful experience, would not go back.",Negative
Event,9260,Hindi kami nasiyahan sa aming stay dito.,Negative
Event,26128,"Everything was superb, clean, and well-maintained.",Positive
Hall Rental,19232,Sulit na sulit ang booking namin.,Positive
Hall Rental,10309,"Standard amenities, fine experience for the price.",Neutral
Hall Rental,2767,"Dirty rooms, broken aircon, and bad smell.",Negative
Event,3279,Hindi kami nasiyahan sa aming stay dito.,Negative
Entrance,9719,Hindi gaanong special pero okay naman yung stay.,Neutral
Event,29686,Walang kupas ang ganda ng pool area.,Positive
Reservation,3681,"Disappointing stay, a total waste of money.",Negative
Hall Rental,8429,The water was cloudy and the area was messy.,Negative
Room,13409,Hindi gaanong special pero okay naman yung stay.,Neutral
Room,9048,Madumi yung area nung dumating kami.,Negative
Hall Rental,3191,The water was cloudy and the area was messy.,Negative
Room,2128,"Disappointing stay, a total waste of money.",Negative
Event,6175,Madumi yung area nung dumating kami.,Negative
Room,15663,Mabait at magalang ang mga staff dito.,Positive
Hall Rental,29854,"Beautiful view and very friendly, helpful staff.",Positive
Room,16927,Great value for money and a relaxing vibe.,Positive
Event,4725,The water was cloudy and the area was messy.,Negative
Reservation,5337,"Disappointing stay, a total waste of money.",Negative
Hall Rental,8701,Rude staff and very slow service at reception.,Negative
Event,16105,Good location but service was just standard.,Neutral
Hall Rental,3030,The water was cloudy and the area was messy.,Negative
Entrance,13039,"The room was decent and normal, nothing special.",Neutral
Entrance,17720,"Everything was superb, clean, and well-maintained.",Positive
Reservation,5338,Rude staff and very slow service at reception.,Negative
Entrance,4460,Madumi yung area nung dumating kami.,Negative
Event,22878,The service was perfect and absolutely amazing.,Positive
Hall Rental,17133,Medyo okay naman ang experience namin.,Neutral
Room,11796,Medyo okay naman ang experience namin.,Neutral
Entrance,15106,"It was an okay stay, average service overall.",Neutral
Room,6314,"Terrible and awful experience, would not go back.",Negative
Room,8389,"The room was decent and normal, nothing special.",Neutral
Reservation,6551,Rude staff and very slow service at reception.,Negative
Room,29222,Walang kupas ang ganda ng pool area.,Positive
Hall Rental,11839,The facilities are fine but could be better.,Neutral
Event,9283,"It was an okay stay, average service overall.",Neutral
Reservation,16387,Mabait at magalang ang mga staff dito.,Positive
Room,4644,"Disappointing stay, a total waste of money.",Negative
Room,20542,Walang kupas ang ganda ng pool area.,Positive
Hall Rental,3108,"Terrible and awful experience, would not go back.",Negative
Event,14982,"It was an okay stay, average service overall.",Neutral
Hall Rental,11552,Good location but service was just standard.,Neutral
Reservation,10113,Medyo okay naman ang experience namin.,Neutral
Reservation,25526,Great value for money and a relaxing vibe.,Positive
Hall Rental,26758,Mabait at magalang ang mga staff dito.,Positive
Reservation,9647,Hindi gaanong special pero okay naman yung stay.,Neutral
Entrance,27116,Walang kupas ang ganda ng pool area.,Positive
Entrance,26005,Walang kupas ang ganda ng pool area.,Positive
Room,11267,Medyo okay naman ang experience namin.,Neutral
Entrance,8340,Madumi yung area nung dumating kami.,Negative
Hall Rental,21809,Great value for money and a relaxing vibe.,Positive
Room,11211,Medyo okay naman ang experience namin.,Neutral
Reservation,8386,"Terrible and awful experience, would not go back.",Negative
Room,5829,The water was cloudy and the area was messy.,Negative
Entrance,13300,Medyo okay naman ang experience namin.,Neutral
Entrance,28887,Mabait at magalang ang mga staff dito.,Positive
Hall Rental,6893,"Terrible and awful experience, would not go back.",Negative
Event,2120,Rude staff and very slow service at reception.,Negative
Reservation,20469,"Everything was superb, clean, and well-maintained.",Positive
Hall Rental,15544,"Acceptable quality, sakto lang ang karanasan.",Neutral
Hall Rental,2237,Hindi kami nasiyahan sa aming stay dito.,Negative
Entrance,8649,"Dirty rooms, broken aircon, and bad smell.",Negative
Room,7014,Rude staff and very slow service at reception.,Negative
Hall Rental,20713,Mabait at magalang ang mga staff dito.,Positive
Room,7745,Mabagal ang serbisyo at medyo disappointing.,Negative
Room,20051,Walang kupas ang ganda ng pool area.,Positive
Reservation,2550,The water was cloudy and the area was messy.,Negative
Hall Rental,17679,"Excellent facility, highly recommend to everyone!",Positive
Reservation,23120,"Everything was superb, clean, and well-maintained.",Positive
Entrance,9422,"Acceptable quality, sakto lang ang karanasan.",Neutral
Room,28635,"Everything was superb, clean, and well-maintained.",Positive
Hall Rental,6777,Madumi yung area nung dumating kami.,Negative
Entrance,9542,"Dirty rooms, broken aircon, and bad smell.",Negative
Entrance,16378,Hindi gaanong special pero okay naman yung stay.,Neutral
Reservation,26139,Walang kupas ang ganda ng pool area.,Positive
Room,17018,"Acceptable quality, sakto lang ang karanasan.",Neutral
Entrance,5740,Madumi yung area nung dumating kami.,Negative
Reservation,3869,Hindi kami nasiyahan sa aming stay dito.,Negative
Reservation,17984,"The room was decent and normal, nothing special.",Neutral
Reservation,29378,Sulit na sulit ang booking namin.,Positive
Event,25277,"Excellent facility, highly recommend to everyone!",Positive
Room,16531,Sulit na sulit ang booking namin.,Positive
Hall Rental,5624,Madumi yung area nung dumating kami.,Negative
Entrance,7218,"Terrible and awful experience, would not go back.",Negative
Event,5426,Hindi kami nasiyahan sa aming stay dito.,Negative
Room,13856,"Standard amenities, fine experience for the price.",Neutral
Room,14589,Good location but service was just standard.,Neutral
Hall Rental,4940,Hindi kami nasiyahan sa aming stay dito.,Negative
Event,23056,Sulit na sulit ang booking namin.,Positive
Room,9019,Medyo okay naman ang experience namin.,Neutral
Room,11200,"Acceptable quality, sakto lang ang karanasan.",Neutral
Room,9422,"Disappointing stay, a total waste of money.",Negative
Entrance,5427,Hindi kami nasiyahan sa aming stay dito.,Negative
Hall Rental,19426,Sulit na sulit ang booking namin.,Positive
Hall Rental,19249,"Everything was superb, clean, and well-maintained.",Positive
Hall Rental,15119,Hindi gaanong special pero okay naman yung stay.,Neutral
Hall Rental,3784,Madumi yung area nung dumating kami.,Negative
Room,26521,"Everything was superb, clean, and well-maintained.",Positive
Event,13037,"Standard amenities, fine experience for the price.",Neutral
Room,6928,"Terrible and awful experience, would not go back.",Negative
Entrance,10985,Hindi gaanong special pero okay naman yung stay.,Neutral
Reservation,15519,"Standard amenities, fine experience for the price.",Neutral
Event,24337,Walang kupas ang ganda ng pool area.,Positive
Entrance,24989,"Everything was superb, clean, and well-maintained.",Positive
Entrance,19212,The service was perfect and absolutely amazing.,Positive
Room,6086,Madumi yung area nung dumating kami.,Negative
Event,24550,Walang kupas ang ganda ng pool area.,Positive
Hall Rental,22777,"Everything was superb, clean, and well-maintained.",Positive
Entrance,8663,Hindi kami nasiyahan sa aming stay dito.,Negative
Entrance,14985,"Standard amenities, fine experience for the price.",Neutral
Reservation,3521,"Dirty rooms, broken aircon, and bad smell.",Negative
Event,10387,The facilities are fine but could be better.,Neutral
Room,8825,Hindi kami nasiyahan sa aming stay dito.,Negative
Hall Rental,24339,The service was perfect and absolutely amazing.,Positive
Event,5783,Rude staff and very slow service at reception.,Negative
Entrance,21122,Great value for money and a relaxing vibe.,Positive
Event,9385,"Dirty rooms, broken aircon, and bad smell.",Negative
Reservation,8859,The facilities are fine but could be better.,Neutral
Room,16080,"Everything was superb, clean, and well-maintained.",Positive
Entrance,15009,"Excellent facility, highly recommend to everyone!",Positive
Entrance,8213,"Dirty rooms, broken aircon, and bad smell.",Negative
Room,9987,"Terrible and awful experience, would not go back.",Negative
Entrance,20978,"Everything was superb, clean, and well-maintained.",Positive
Reservation,3861,"Disappointing stay, a total waste of money.",Negative
Entrance,11670,"Standard amenities, fine experience for the price.",Neutral
Hall Rental,13509,Hindi gaanong special pero okay naman yung stay.,Neutral
Room,8126,Mabagal ang serbisyo at medyo disappointing.,Negative
Reservation,14811,Good location but service was just standard.,Neutral
Hall Rental,15202,Sulit na sulit ang booking namin.,Positive
Event,26420,Walang kupas ang ganda ng pool area.,Positive
Room,17131,Good location but service was just standard.,Neutral
Hall Rental,4936,"Disappointing stay, a total waste of money.",Negative
Event,28600,Mabait at magalang ang mga staff dito.,Positive
Entrance,21228,"Beautiful view and very friendly, helpful staff.",Positive
Event,25512,"Everything was superb, clean, and well-maintained.",Positive
Hall Rental,20445,Walang kupas ang ganda ng pool area.,Positive
Event,18389,"Everything was superb, clean, and well-maintained.",Positive
Entrance,24715,Mabait at magalang ang mga staff dito.,Positive
Room,26260,The service was perfect and absolutely amazing.,Positive
Event,2755,"Terrible and awful experience, would not go back.",Negative
Entrance,15980,Medyo okay naman ang experience namin.,Neutral
Room,9532,"Disappointing stay, a total waste of money.",Negative
Hall Rental,4575,The water was cloudy and the area was messy.,Negative
Room,8974,"Terrible and awful experience, would not go back.",Negative
Room,3563,"Disappointing stay, a total waste of money.",Negative
Reservation,23920,Great value for money and a relaxing vibe.,Positive
Entrance,4430,"Terrible and awful experience, would not go back.",Negative
Hall Rental,15269,"Acceptable quality, sakto lang ang karanasan.",Neutral
Event,8805,Mabagal ang serbisyo at medyo disappointing.,Negative
Room,14409,"Standard amenities, fine experience for the price.",Neutral
Event,2034,Madumi yung area nung dumating kami.,Negative
Event,2689,"Terrible and awful experience, would not go back.",Negative
Event,9206,Rude staff and very slow service at reception.,Negative
Entrance,3209,Rude staff and very slow service at reception.,Negative
Hall Rental,3680,Mabagal ang serbisyo at medyo disappointing.,Negative
Event,8204,"It was an okay stay, average service overall.",Neutral
Room,2880,"Disappointing stay, a total waste of money.",Negative
Hall Rental,8610,"The room was decent and normal, nothing special.",Neutral
Entrance,8201,"It was an okay stay, average service overall.",Neutral
Event,9054,The facilities are fine but could be better.,Neutral
Hall Rental,6623,"Terrible and awful experience, would not go back.",Negative
Hall Rental,27112,"Beautiful view and very friendly, helpful staff.",Positive
Entrance,24817,"Excellent facility, highly recommend to everyone!",Positive
Hall Rental,7422,Hindi kami nasiyahan sa aming stay dito.,Negative
Reservation,8264,Good location but service was just standard.,Neutral
Event,8363,Rude staff and very slow service at reception.,Negative
Hall Rental,3537,"Disappointing stay, a total waste of money.",Negative
Event,10010,The facilities are fine but could be better.,Neutral
Room,15281,"Everything was superb, clean, and well-maintained.",Positive
Room,5165,Hindi kami nasiyahan sa aming stay dito.,Negative
Entrance,24739,Great value for money and a relaxing vibe.,Positive
Room,5270,The water was cloudy and the area was messy.,Negative
Room,15225,"Beautiful view and very friendly, helpful staff.",Positive
Entrance,4786,Rude staff and very slow service at reception.,Negative
Hall Rental,16733,"It was an okay stay, average service overall.",Neutral
Entrance,19349,"Beautiful view and very friendly, helpful staff.",Positive
Event,20088,"Everything was superb, clean, and well-maintained.",Positive
Reservation,24916,Sulit na sulit ang booking namin.,Positive
Reservation,15183,The facilities are fine but could be better.,Neutral
Entrance,15186,"Standard amenities, fine experience for the price.",Neutral
Event,9577,"It was an okay stay, average service overall.",Neutral
Reservation,21980,"Beautiful view and very friendly, helpful staff.",Positive
Room,25320,"Beautiful view and very friendly, helpful staff.",Positive
Event,18579,The service was perfect and absolutely amazing.,Positive
Entrance,2105,Mabagal ang serbisyo at medyo disappointing.,Negative
Entrance,7087,The water was cloudy and the area was messy.,Negative
Entrance,7739,The water was cloudy and the area was messy.,Negative
Entrance,25093,"Beautiful view and very friendly, helpful staff.",Positive
Event,6825,"Disappointing stay, a total waste of money.",Negative
Room,6823,"Terrible and awful experience, would not go back.",Negative
Event,21776,Mabait at magalang ang mga staff dito.,Positive
Room,15833,"Standard amenities, fine experience for the price.",Neutral
Event,15504,Mabait at magalang ang mga staff dito.,Positive
Entrance,27504,The service was perfect and absolutely amazing.,Positive
Reservation,10415,The facilities are fine but could be better.,Neutral
Hall Rental,5367,The water was cloudy and the area was messy.,Negative
Reservation,10765,"Standard amenities, fine experience for the price.",Neutral
Reservation,10158,"The room was decent and normal, nothing special.",Neutral
Reservation,22694,Sulit na sulit ang booking namin.,Positive
Hall Rental,9779,Hindi kami nasiyahan sa aming stay dito.,Negative
Event,12595,"The room was decent and normal, nothing special.",Neutral
Room,28489,Walang kupas ang ganda ng pool area.,Positive
Room,4545,"Disappointing stay, a total waste of money.",Negative
Hall Rental,2896,Rude staff and very slow service at reception.,Negative
Event,14838,Good location but service was just standard.,Neutral
Hall Rental,10307,Hindi gaanong special pero okay naman yung stay.,Neutral
Entrance,3590,"Dirty rooms, broken aircon, and bad smell.",Negative
Entrance,14837,"It was an okay stay, average service overall.",Neutral
Room,28877,"Everything was superb, clean, and well-maintained.",Positive
Reservation,3926,Rude staff and very slow service at reception.,Negative
Reservation,20105,"Excellent facility, highly recommend to everyone!",Positive
Event,5956,Madumi yung area nung dumating kami.,Negative
Hall Rental,4694,Hindi kami nasiyahan sa aming stay dito.,Negative
Event,20116,"Everything was superb, clean, and well-maintained.",Positive
Hall Rental,17579,"The room was decent and normal, nothing special.",Neutral
Event,5332,Madumi yung area nung dumating kami.,Negative
Reservation,14155,"Standard amenities, fine experience for the price.",Neutral
Reservation,18099,The service was perfect and absolutely amazing.,Positive
Room,17528,"The room was decent and normal, nothing special.",Neutral
Event,15236,Walang kupas ang ganda ng pool area.,Positive
Event,28337,The service was perfect and absolutely amazing.,Positive
Reservation,9131,Hindi kami nasiyahan sa aming stay dito.,Negative
Hall Rental,15418,Good location but service was just standard.,Neutral
Entrance,10014,The facilities are fine but could be better.,Neutral
Event,17713,Mabait at magalang ang mga staff dito.,Positive
Hall Rental,7354,Rude staff and very slow service at reception.,Negative
Hall Rental,8946,Medyo okay naman ang experience namin.,Neutral
Entrance,11164,"Acceptable quality, sakto lang ang karanasan.",Neutral
Entrance,25015,Walang kupas ang ganda ng pool area.,Positive
Reservation,17428,Hindi gaanong special pero okay naman yung stay.,Neutral
Hall Rental,8645,Good location but service was just standard.,Neutral
Hall Rental,12571,"It was an okay stay, average service overall.",Neutral
Entrance,7516,"Dirty rooms, broken aircon, and bad smell.",Negative
Entrance,4129,"Disappointing stay, a total waste of money.",Negative
Hall Rental,8160,Mabagal ang serbisyo at medyo disappointing.,Negative
Entrance,16095,"The room was decent and normal, nothing special.",Neutral
Event,9991,Mabagal ang serbisyo at medyo disappointing.,Negative
Reservation,20588,"Excellent facility, highly recommend to everyone!",Positive
Hall Rental,26722,Mabait at magalang ang mga staff dito.,Positive
Room,10120,Medyo okay naman ang experience namin.,Neutral
Hall Rental,15145,The service was perfect and absolutely amazing.,Positive
Hall Rental,4568,Mabagal ang serbisyo at medyo disappointing.,Negative
Reservation,26310,Great value for money and a relaxing vibe.,Positive
Entrance,14309,"Acceptable quality, sakto lang ang karanasan.",Neutral
Hall Rental,20977,"Excellent facility, highly recommend to everyone!",Positive
Event,9354,"Terrible and awful experience, would not go back.",Negative
Room,4775,"Disappointing stay, a total waste of money.",Negative
Hall Rental,15504,"The room was decent and normal, nothing special.",Neutral
Event,16687,"Everything was superb, clean, and well-maintained.",Positive
Hall Rental,13546,"Standard amenities, fine experience for the price.",Neutral
Reservation,2250,Madumi yung area nung dumating kami.,Negative
Event,23175,Great value for money and a relaxing vibe.,Positive
Room,21016,Sulit na sulit ang booking namin.,Positive
Reservation,16682,"The room was decent and normal, nothing special.",Neutral
Room,21136,Great value for money and a relaxing vibe.,Positive
Entrance,11856,"It was an okay stay, average service overall.",Neutral
Hall Rental,17143,"Beautiful view and very friendly, helpful staff.",Positive
Room,8468,Madumi yung area nung dumating kami.,Negative
Hall Rental,16301,Mabait at magalang ang mga staff dito.,Positive
Hall Rental,17048,Mabait at magalang ang mga staff dito.,Positive
Room,29056,"Everything was superb, clean, and well-maintained.",Positive
Room,8403,Madumi yung area nung dumating kami.,Negative
Entrance,9459,Madumi yung area nung dumating kami.,Negative
Room,4705,"Dirty rooms, broken aircon, and bad smell.",Negative
Hall Rental,19805,"Beautiful view and very friendly, helpful staff.",Positive
Room,18930,Walang kupas ang ganda ng pool area.,Positive
Room,9482,Madumi yung area nung dumating kami.,Negative
Reservation,8040,Mabagal ang serbisyo at medyo disappointing.,Negative
Entrance,9447,"Dirty rooms, broken aircon, and bad smell.",Negative
Room,15587,"It was an okay stay, average service overall.",Neutral
Room,22989,"Everything was superb, clean, and well-maintained.",Positive
Hall Rental,15927,The facilities are fine but could be better.,Neutral
Event,5406,"Terrible and awful experience, would not go back.",Negative
Entrance,21938,"Excellent facility, highly recommend to everyone!",Positive
Hall Rental,14801,The facilities are fine but could be better.,Neutral
Room,13316,"Standard amenities, fine experience for the price.",Neutral
Reservation,10424,"The room was decent and normal, nothing special.",Neutral
Room,21544,The service was perfect and absolutely amazing.,Positive
Room,12538,The facilities are fine but could be better.,Neutral
Reservation,15851,"The room was decent and normal, nothing special.",Neutral
Entrance,8159,"Acceptable quality, sakto lang ang karanasan.",Neutral
Entrance,15206,The service was perfect and absolutely amazing.,Positive
Event,11453,Good location but service was just standard.,Neutral
Reservation,8464,"Standard amenities, fine experience for the price.",Neutral
Event,23980,Walang kupas ang ganda ng pool area.,Positive
Hall Rental,2264,"Dirty rooms, broken aircon, and bad smell.",Negative
Room,8724,"Dirty rooms, broken aircon, and bad smell.",Negative
Room,13774,Good location but service was just standard.,Neutral
Event,7016,"Disappointing stay, a total waste of money.",Negative
Entrance,8540,Rude staff and very slow service at reception.,Negative
Hall Rental,13555,Medyo okay naman ang experience namin.,Neutral
Reservation,8731,"Disappointing stay, a total waste of money.",Negative
Reservation,21542,"Everything was superb, clean, and well-maintained.",Positive
Event,16259,"The room was decent and normal, nothing special.",Neutral
Event,8162,Medyo okay naman ang experience namin.,Neutral
Hall Rental,7580,Madumi yung area nung dumating kami.,Negative
Entrance,2636,Mabagal ang serbisyo at medyo disappointing.,Negative
Entrance,18493,Great value for money and a relaxing vibe.,Positive
Reservation,16975,"The room was decent and normal, nothing special.",Neutral
Entrance,11008,"Standard amenities, fine experience for the price.",Neutral
Event,6528,Madumi yung area nung dumating kami.,Negative
Entrance,24547,"Excellent facility, highly recommend to everyone!",Positive
Room,13103,Good location but service was just standard.,Neutral
Event,23227,Walang kupas ang ganda ng pool area.,Positive
Hall Rental,4294,The water was cloudy and the area was messy.,Negative
Room,8975,Medyo okay naman ang experience namin.,Neutral
Hall Rental,17582,Hindi gaanong special pero okay naman yung stay.,Neutral
Entrance,5949,"Dirty rooms, broken aircon, and bad smell.",Negative
Hall Rental,17731,"Beautiful view and very friendly, helpful staff.",Positive
Event,17346,The facilities are fine but could be better.,Neutral
Entrance,27052,Walang kupas ang ganda ng pool area.,Positive
Reservation,24958,Walang kupas ang ganda ng pool area.,Positive
Event,24444,The service was perfect and absolutely amazing.,Positive
Event,3009,Hindi kami nasiyahan sa aming stay dito.,Negative
Reservation,25404,"Everything was superb, clean, and well-maintained.",Positive
Room,10912,"Acceptable quality, sakto lang ang karanasan.",Neutral
Hall Rental,9907,"The room was decent and normal, nothing special.",Neutral
Event,5644,"Terrible and awful experience, would not go back.",Negative
Room,26714,Sulit na sulit ang booking namin.,Positive
Hall Rental,9742,Good location but service was just standard.,Neutral
Event,6157,Mabagal ang serbisyo at medyo disappointing.,Negative
Reservation,24041,"Excellent facility, highly recommend to everyone!",Positive
Entrance,4962,"Dirty rooms, broken aircon, and bad smell.",Negative
Room,20233,The service was perfect and absolutely amazing.,Positive
Reservation,25961,Great value for money and a relaxing vibe.,Positive
Entrance,3632,Mabagal ang serbisyo at medyo disappointing.,Negative
Event,9504,Madumi yung area nung dumating kami.,Negative
Event,25583,"Excellent facility, highly recommend to everyone!",Positive
Reservation,14652,"The room was decent and normal, nothing special.",Neutral
Event,13874,Hindi gaanong special pero okay naman yung stay.,Neutral
Hall Rental,29538,Walang kupas ang ganda ng pool area.,Positive
Room,22723,"Beautiful view and very friendly, helpful staff.",Positive
Entrance,15302,Sulit na sulit ang booking namin.,Positive
Entrance,9225,Hindi kami nasiyahan sa aming stay dito.,Negative
Room,6943,"Terrible and awful experience, would not go back.",Negative
Entrance,9951,The water was cloudy and the area was messy.,Negative
Room,8886,"The room was decent and normal, nothing special.",Neutral
Event,14124,Medyo okay naman ang experience namin.,Neutral
Hall Rental,29043,"Everything was superb, clean, and well-maintained.",Positive
Reservation,15967,The facilities are fine but could be better.,Neutral
Reservation,7362,Madumi yung area nung dumating kami.,Negative
Reservation,28235,Walang kupas ang ganda ng pool area.,Positive
Event,5407,"Dirty rooms, broken aircon, and bad smell.",Negative
Reservation,11716,"Acceptable quality, sakto lang ang karanasan.",Neutral
Room,7678,Rude staff and very slow service at reception.,Negative
Hall Rental,12458,"Standard amenities, fine experience for the price.",Neutral
Entrance,4987,The water was cloudy and the area was messy.,Negative
Entrance,27091,Walang kupas ang ganda ng pool area.,Positive
Room,8187,Good location but service was just standard.,Neutral
Hall Rental,9932,Good location but service was just standard.,Neutral
Hall Rental,17467,The facilities are fine but could be better.,Neutral
Entrance,16125,"Excellent facility, highly recommend to everyone!",Positive
Event,12895,"The room was decent and normal, nothing special.",Neutral
Reservation,28472,Walang kupas ang ganda ng pool area.,Positive
Room,7253,Mabagal ang serbisyo at medyo disappointing.,Negative
Room,26990,"Excellent facility, highly recommend to everyone!",Positive
Hall Rental,25173,"Everything was superb, clean, and well-maintained.",Positive
Event,19234,Mabait at magalang ang mga staff dito.,Positive
Room,2818,"Terrible and awful experience, would not go back.",Negative
Room,20109,"Everything was superb, clean, and well-maintained.",Positive
Reservation,22392,Walang kupas ang ganda ng pool area.,Positive
Hall Rental,9942,The facilities are fine but could be better.,Neutral
Entrance,8789,"Terrible and awful experience, would not go back.",Negative
Reservation,22045,The service was perfect and absolutely amazing.,Positive
Event,16276,"Beautiful view and very friendly, helpful staff.",Positive
Reservation,2121,Madumi yung area nung dumating kami.,Negative
Event,15277,Great value for money and a relaxing vibe.,Positive
Hall Rental,4679,Madumi yung area nung dumating kami.,Negative
Reservation,6453,Mabagal ang serbisyo at medyo disappointing.,Negative
Event,20249,Mabait at magalang ang mga staff dito.,Positive
Reservation,19735,The service was perfect and absolutely amazing.,Positive
Entrance,13690,"It was an okay stay, average service overall.",Neutral
Event,13810,The facilities are fine but could be better.,Neutral
Reservation,16312,Good location but service was just standard.,Neutral
Room,7255,The water was cloudy and the area was messy.,Negative
Event,28364,"Excellent facility, highly recommend to everyone!",Positive
Room,18890,Great value for money and a relaxing vibe.,Positive
Entrance,9984,"Dirty rooms, broken aircon, and bad smell.",Negative
Room,16844,"The room was decent and normal, nothing special.",Neutral
Hall Rental,17869,"Excellent facility, highly recommend to everyone!",Positive
Reservation,15832,Walang kupas ang ganda ng pool area.,Positive
Event,26556,Walang kupas ang ganda ng pool area.,Positive
Reservation,15485,Medyo okay naman ang experience namin.,Neutral
Event,16040,Walang kupas ang ganda ng pool area.,Positive
Room,5677,Madumi yung area nung dumating kami.,Negative
Room,16345,"It was an okay stay, average service overall.",Neutral
Entrance,15226,Hindi gaanong special pero okay naman yung stay.,Neutral
Entrance,2365,Madumi yung area nung dumating kami.,Negative
Event,8771,"Acceptable quality, sakto lang ang karanasan.",Neutral
Reservation,23702,The service was perfect and absolutely amazing.,Positive
Entrance,25512,Sulit na sulit ang booking namin.,Positive
Reservation,10723,Hindi gaanong special pero okay naman yung stay.,Neutral
Room,22869,The service was perfect and absolutely amazing.,Positive
Room,9170,Mabagal ang serbisyo at medyo disappointing.,Negative
Reservation,17989,"Excellent facility, highly recommend to everyone!",Positive
Hall Rental,23666,The service was perfect and absolutely amazing.,Positive
Room,2726,Hindi kami nasiyahan sa aming stay dito.,Negative
Reservation,11308,"It was an okay stay, average service overall.",Neutral
Hall Rental,12306,The facilities are fine but could be better.,Neutral
Hall Rental,4720,"Disappointing stay, a total waste of money.",Negative
Hall Rental,8645,Madumi yung area nung dumating kami.,Negative
Entrance,4601,"Terrible and awful experience, would not go back.",Negative
Entrance,11607,The facilities are fine but could be better.,Neutral
Entrance,9447,"Standard amenities, fine experience for the price.",Neutral
Reservation,9206,Hindi kami nasiyahan sa aming stay dito.,Negative
Event,16210,"It was an okay stay, average service overall.",Neutral
Hall Rental,7840,"Disappointing stay, a total waste of money.",Negative
Room,13055,Medyo okay naman ang experience namin.,Neutral
Hall Rental,2585,"Disappointing stay, a total waste of money.",Negative
Entrance,5161,Mabagal ang serbisyo at medyo disappointing.,Negative
Entrance,9704,"Terrible and awful experience, would not go back.",Negative
Event,7481,Madumi yung area nung dumating kami.,Negative
Room,27941,"Excellent facility, highly recommend to everyone!",Positive
Event,22009,Walang kupas ang ganda ng pool area.,Positive
Reservation,15986,"Everything was superb, clean, and well-maintained.",Positive
Room,26516,The service was perfect and absolutely amazing.,Positive
Hall Rental,17658,Medyo okay naman ang experience namin.,Neutral
Event,25188,"Beautiful view and very friendly, helpful staff.",Positive
Entrance,9680,"Dirty rooms, broken aircon, and bad smell.",Negative
Reservation,25617,Walang kupas ang ganda ng pool area.,Positive
Hall Rental,4415,"Terrible and awful experience, would not go back.",Negative
Entrance,4476,Madumi yung area nung dumating kami.,Negative
Room,17491,The facilities are fine but could be better.,Neutral
Room,22215,The service was perfect and absolutely amazing.,Positive
Event,7652,Rude staff and very slow service at reception.,Negative
Event,17765,"The room was decent and normal, nothing special.",Neutral
Event,2075,Rude staff and very slow service at reception.,Negative
Event,26996,The service was perfect and absolutely amazing.,Positive
Room,6619,Hindi kami nasiyahan sa aming stay dito.,Negative
Room,14457,"Standard amenities, fine experience for the price.",Neutral
Room,24437,Sulit na sulit ang booking namin.,Positive
Event,9939,"The room was decent and normal, nothing special.",Neutral
Reservation,27553,"Excellent facility, highly recommend to everyone!",Positive
Hall Rental,10369,The facilities are fine but could be better.,Neutral
Reservation,4248,Madumi yung area nung dumating kami.,Negative
Room,10305,"Acceptable quality, sakto lang ang karanasan.",Neutral
Hall Rental,25026,"Excellent facility, highly recommend to everyone!",Positive
Entrance,9519,Medyo okay naman ang experience namin.,Neutral
Event,5803,Mabagal ang serbisyo at medyo disappointing.,Negative
Event,11719,The facilities are fine but could be better.,Neutral
Hall Rental,13308,"It was an okay stay, average service overall.",Neutral
Entrance,5338,"Terrible and awful experience, would not go back.",Negative
Hall Rental,27015,"Beautiful view and very friendly, helpful staff.",Positive
Event,13594,"The room was decent and normal, nothing special.",Neutral
Entrance,2296,Madumi yung area nung dumating kami.,Negative
Event,19566,"Beautiful view and very friendly, helpful staff.",Positive
Event,15791,The service was perfect and absolutely amazing.,Positive
Entrance,8287,Medyo okay naman ang experience namin.,Neutral
Hall Rental,6957,The water was cloudy and the area was messy.,Negative
Reservation,10176,"Standard amenities, fine experience for the price.",Neutral
Hall Rental,17817,Great value for money and a relaxing vibe.,Positive
Hall Rental,23901,Sulit na sulit ang booking namin.,Positive
Event,16376,Good location but service was just standard.,Neutral
Room,15352,"Standard amenities, fine experience for the price.",Neutral
Entrance,7072,"Dirty rooms, broken aircon, and bad smell.",Negative
Entrance,13208,"It was an okay stay, average service overall.",Neutral
Entrance,17943,"Standard amenities, fine experience for the price.",Neutral
Entrance,13877,Medyo okay naman ang experience namin.,Neutral
Room,15999,Hindi gaanong special pero okay naman yung stay.,Neutral
Hall Rental,9296,Hindi gaanong special pero okay naman yung stay.,Neutral
Reservation,3514,"Dirty rooms, broken aircon, and bad smell.",Negative
Event,13898,"The room was decent and normal, nothing special.",Neutral
Hall Rental,26150,"Beautiful view and very friendly, helpful staff.",Positive
Reservation,8617,"Disappointing stay, a total waste of money.",Negative
Entrance,9946,"Standard amenities, fine experience for the price.",Neutral
Room,3638,Madumi yung area nung dumating kami.,Negative
Entrance,10093,"Standard amenities, fine experience for the price.",Neutral
Room,19524,The service was perfect and absolutely amazing.,Positive
Entrance,17243,Mabait at magalang ang mga staff dito.,Positive
Event,18152,Mabait at magalang ang mga staff dito.,Positive
Room,9240,"Terrible and awful experience, would not go back.",Negative
Hall Rental,9943,Madumi yung area nung dumating kami.,Negative
Reservation,8252,"Terrible and awful experience, would not go back.",Negative
Reservation,10904,"The room was decent and normal, nothing special.",Neutral
Hall Rental,10207,"It was an okay stay, average service overall.",Neutral
Hall Rental,8002,Hindi gaanong special pero okay naman yung stay.,Neutral
Event,22179,"Everything was superb, clean, and well-maintained.",Positive
Hall Rental,3407,Hindi kami nasiyahan sa aming stay dito.,Negative
Reservation,18186,"Excellent facility, highly recommend to everyone!",Positive
Event,15207,"Everything was superb, clean, and well-maintained.",Positive
Room,3782,"Disappointing stay, a total waste of money.",Negative
Hall Rental,27477,"Everything was superb, clean, and well-maintained.",Positive
Entrance,8001,Madumi yung area nung dumating kami.,Negative
Entrance,16017,"Acceptable quality, sakto lang ang karanasan.",Neutral
Hall Rental,4243,"Terrible and awful experience, would not go back.",Negative
Entrance,25916,Great value for money and a relaxing vibe.,Positive
Reservation,29732,"Excellent facility, highly recommend to everyone!",Positive
Entrance,12780,"It was an okay stay, average service overall.",Neutral
Event,8922,Hindi gaanong special pero okay naman yung stay.,Neutral
Hall Rental,15566,Medyo okay naman ang experience namin.,Neutral
Entrance,26718,Mabait at magalang ang mga staff dito.,Positive
Hall Rental,11580,Medyo okay naman ang experience namin.,Neutral
Event,25593,"Beautiful view and very friendly, helpful staff.",Positive
Event,25658,Sulit na sulit ang booking namin.,Positive
Entrance,8067,"Dirty rooms, broken aircon, and bad smell.",Negative
Entrance,5622,"Terrible and awful experience, would not go back.",Negative
Room,6500,"Dirty rooms, broken aircon, and bad smell.",Negative
Entrance,9928,Mabagal ang serbisyo at medyo disappointing.,Negative
Entrance,5161,Madumi yung area nung dumating kami.,Negative
Entrance,9907,"The room was decent and normal, nothing special.",Neutral
Hall Rental,5253,Madumi yung area nung dumating kami.,Negative
Room,19413,The service was perfect and absolutely amazing.,Positive
Hall Rental,15951,"Beautiful view and very friendly, helpful staff.",Positive
Hall Rental,3321,Hindi kami nasiyahan sa aming stay dito.,Negative
Entrance,9932,"It was an okay stay, average service overall.",Neutral
Reservation,23096,Walang kupas ang ganda ng pool area.,Positive
Hall Rental,15060,The service was perfect and absolutely amazing.,Positive
Entrance,2831,Madumi yung area nung dumating kami.,Negative
Room,9851,Mabagal ang serbisyo at medyo disappointing.,Negative
Room,12713,Hindi gaanong special pero okay naman yung stay.,Neutral
Event,12396,"It was an okay stay, average service overall.",Neutral
Room,3105,"Dirty rooms, broken aircon, and bad smell.",Negative
Reservation,7599,Rude staff and very slow service at reception.,Negative
Entrance,16644,Medyo okay naman ang experience namin.,Neutral
Room,4149,Hindi kami nasiyahan sa aming stay dito.,Negative
Hall Rental,3030,Hindi kami nasiyahan sa aming stay dito.,Negative
Reservation,27536,"Everything was superb, clean, and well-maintained.",Positive
Event,4572,The water was cloudy and the area was messy.,Negative
Reservation,15230,Medyo okay naman ang experience namin.,Neutral
Entrance,27989,"Everything was superb, clean, and well-maintained.",Positive
Entrance,3681,Madumi yung area nung dumating kami.,Negative
Room,9961,Mabagal ang serbisyo at medyo disappointing.,Negative
Hall Rental,17967,The service was perfect and absolutely amazing.,Positive
Room,25634,"Everything was superb, clean, and well-maintained.",Positive
Reservation,27921,"Excellent facility, highly recommend to everyone!",Positive
Event,15659,"Beautiful view and very friendly, helpful staff.",Positive
Event,18453,"Everything was superb, clean, and well-maintained.",Positive
Room,15780,Mabait at magalang ang mga staff dito.,Positive
Reservation,15804,The facilities are fine but could be better.,Neutral
Entrance,3929,Hindi kami nasiyahan sa aming stay dito.,Negative
Hall Rental,5218,The water was cloudy and the area was messy.,Negative
Reservation,29457,"Beautiful view and very friendly, helpful staff.",Positive
Hall Rental,25733,"Everything was superb, clean, and well-maintained.",Positive
Room,14043,"It was an okay stay, average service overall.",Neutral
Hall Rental,21019,The service was perfect and absolutely amazing.,Positive
Room,5140,"Terrible and awful experience, would not go back.",Negative
Room,13889,Medyo okay naman ang experience namin.,Neutral
Hall Rental,6421,Rude staff and very slow service at reception.,Negative
Event,24110,"Excellent facility, highly recommend to everyone!",Positive
Entrance,15207,Sulit na sulit ang booking namin.,Positive
Reservation,4926,"Terrible and awful experience, would not go back.",Negative
Room,25921,"Excellent facility, highly recommend to everyone!",Positive
Event,14328,Medyo okay naman ang experience namin.,Neutral
Room,27254,Walang kupas ang ganda ng pool area.,Positive
Entrance,11451,The facilities are fine but could be better.,Neutral
Entrance,10555,The facilities are fine but could be better.,Neutral
Reservation,29285,The service was perfect and absolutely amazing.,Positive
Event,27946,Walang kupas ang ganda ng pool area.,Positive
Event,8195,Hindi gaanong special pero okay naman yung stay.,Neutral
Event,16122,The service was perfect and absolutely amazing.,Positive
Event,10600,"The room was decent and normal, nothing special.",Neutral
Reservation,19804,Walang kupas ang ganda ng pool area.,Positive
Hall Rental,6428,The water was cloudy and the area was messy.,Negative
Entrance,5309,Madumi yung area nung dumating kami.,Negative
Event,7587,"Disappointing stay, a total waste of money.",Negative
Reservation,26935,Mabait at magalang ang mga staff dito.,Positive
Event,16476,Medyo okay naman ang experience namin.,Neutral
Entrance,14046,"Acceptable quality, sakto lang ang karanasan.",Neutral
Hall Rental,14320,"Acceptable quality, sakto lang ang karanasan.",Neutral
Reservation,16347,"It was an okay stay, average service overall.",Neutral
Hall Rental,11177,Medyo okay naman ang experience namin.,Neutral
Reservation,5566,"Terrible and awful experience, would not go back.",Negative
Hall Rental,20110,Sulit na sulit ang booking namin.,Positive
Reservation,12535,"Acceptable quality, sakto lang ang karanasan.",Neutral
Room,15610,"Acceptable quality, sakto lang ang karanasan.",Neutral
Hall Rental,20895,Great value for money and a relaxing vibe.,Positive
Hall Rental,5598,Hindi kami nasiyahan sa aming stay dito.,Negative
Entrance,26754,"Beautiful view and very friendly, helpful staff.",Positive
Reservation,29980,Mabait at magalang ang mga staff dito.,Positive
Entrance,3514,Hindi kami nasiyahan sa aming stay dito.,Negative
Room,2947,Rude staff and very slow service at reception.,Negative
Entrance,27891,"Excellent facility, highly recommend to everyone!",Positive
Event,5228,Hindi kami nasiyahan sa aming stay dito.,Negative
Entrance,11966,"It was an okay stay, average service overall.",Neutral
Reservation,6206,Hindi kami nasiyahan sa aming stay dito.,Negative
Hall Rental,10258,"Acceptable quality, sakto lang ang karanasan.",Neutral
Room,23322,Walang kupas ang ganda ng pool area.,Positive
Hall Rental,23865,"Excellent facility, highly recommend to everyone!",Positive
Entrance,4261,Rude staff and very slow service at reception.,Negative
Entrance,8924,"Terrible and awful experience, would not go back.",Negative
Hall Rental,6266,"Disappointing stay, a total waste of money.",Negative
Event,11832,Hindi gaanong special pero okay naman yung stay.,Neutral
Event,8614,The facilities are fine but could be better.,Neutral
Event,14289,The facilities are fine but could be better.,Neutral
Entrance,13876,Hindi gaanong special pero okay naman yung stay.,Neutral
Room,16460,Mabait at magalang ang mga staff dito.,Positive
Hall Rental,29552,Sulit na sulit ang booking namin.,Positive
Entrance,2858,Rude staff and very slow service at reception.,Negative
Reservation,21813,Mabait at magalang ang mga staff dito.,Positive
Room,16988,"It was an okay stay, average service overall.",Neutral
Room,8702,Mabagal ang serbisyo at medyo disappointing.,Negative
Entrance,11521,"The room was decent and normal, nothing special.",Neutral
Room,8660,Hindi gaanong special pero okay naman yung stay.,Neutral
Entrance,10972,Good location but service was just standard.,Neutral
Reservation,4533,"Disappointing stay, a total waste of money.",Negative
Event,8802,"The room was decent and normal, nothing special.",Neutral
Reservation,9073,Hindi gaanong special pero okay naman yung stay.,Neutral
Event,9874,Medyo okay naman ang experience namin.,Neutral
Event,25738,Sulit na sulit ang booking namin.,Positive
Room,6130,Rude staff and very slow service at reception.,Negative
Event,14555,Good location but service was just standard.,Neutral
Room,13108,Medyo okay naman ang experience namin.,Neutral
Reservation,19806,Walang kupas ang ganda ng pool area.,Positive
Event,12232,"Acceptable quality, sakto lang ang karanasan.",Neutral
Event,5199,Mabagal ang serbisyo at medyo disappointing.,Negative
Event,18633,Mabait at magalang ang mga staff dito.,Positive
Room,17875,"Beautiful view and very friendly, helpful staff.",Positive
Reservation,2893,Rude staff and very slow service at reception.,Negative
Reservation,5539,Madumi yung area nung dumating kami.,Negative
Event,18725,Great value for money and a relaxing vibe.,Positive
Hall Rental,22843,The service was perfect and absolutely amazing.,Positive
Event,2810,Mabagal ang serbisyo at medyo disappointing.,Negative
Hall Rental,16333,"The room was decent and normal, nothing special.",Neutral
Reservation,8093,Madumi yung area nung dumating kami.,Negative
Hall Rental,14410,Hindi gaanong special pero okay naman yung stay.,Neutral
Reservation,9138,Medyo okay naman ang experience namin.,Neutral
Room,19876,Mabait at magalang ang mga staff dito.,Positive
Reservation,19090,"Everything was superb, clean, and well-maintained.",Positive
Hall Rental,14744,Medyo okay naman ang experience namin.,Neutral
Event,4339,"Disappointing stay, a total waste of money.",Negative
Room,28598,The service was perfect and absolutely amazing.,Positive
Entrance,23907,"Excellent facility, highly recommend to everyone!",Positive
Room,20732,Mabait at magalang ang mga staff dito.,Positive
Reservation,11009,Good location but service was just standard.,Neutral
Hall Rental,8073,Madumi yung area nung dumating kami.,Negative
Hall Rental,8687,The facilities are fine but could be better.,Neutral
Entrance,7289,Mabagal ang serbisyo at medyo disappointing.,Negative
Entrance,18009,The service was perfect and absolutely amazing.,Positive
Room,16652,"The room was decent and normal, nothing special.",Neutral
Event,4997,The water was cloudy and the area was messy.,Negative
Entrance,6732,Mabagal ang serbisyo at medyo disappointing.,Negative
Room,2601,Mabagal ang serbisyo at medyo disappointing.,Negative
Room,6864,Madumi yung area nung dumating kami.,Negative
Room,9072,Madumi yung area nung dumating kami.,Negative
Event,5406,"Terrible and awful experience, would not go back.",Negative
Room,6044,"Terrible and awful experience, would not go back.",Negative
Event,12017,"Standard amenities, fine experience for the price.",Neutral
Room,9627,"It was an okay stay, average service overall.",Neutral
Room,28891,Sulit na sulit ang booking namin.,Positive
Hall Rental,16761,"Excellent facility, highly recommend to everyone!",Positive
Reservation,16279,Mabait at magalang ang mga staff dito.,Positive
Entrance,28949,"Beautiful view and very friendly, helpful staff.",Positive
Hall Rental,15754,"Acceptable quality, sakto lang ang karanasan.",Neutral
Event,9141,The facilities are fine but could be better.,Neutral
Room,2067,"Disappointing stay, a total waste of money.",Negative
Hall Rental,11792,"Acceptable quality, sakto lang ang karanasan.",Neutral
Room,17322,"Everything was superb, clean, and well-maintained.",Positive
Room,9307,The facilities are fine but could be better.,Neutral
Hall Rental,8301,"Disappointing stay, a total waste of money.",Negative
Reservation,29619,Mabait at magalang ang mga staff dito.,Positive
Room,8067,Hindi gaanong special pero okay naman yung stay.,Neutral
Entrance,8665,"Terrible and awful experience, would not go back.",Negative
Room,28669,Walang kupas ang ganda ng pool area.,Positive
Event,17817,"Acceptable quality, sakto lang ang karanasan.",Neutral
Room,5985,The water was cloudy and the area was messy.,Negative
Hall Rental,9529,Rude staff and very slow service at reception.,Negative
Hall Rental,8371,"The room was decent and normal, nothing special.",Neutral
Hall Rental,12458,Good location but service was just standard.,Neutral
Room,7599,"Dirty rooms, broken aircon, and bad smell.",Negative
Hall Rental,22327,Sulit na sulit ang booking namin.,Positive
Room,3075,"Disappointing stay, a total waste of money.",Negative
Room,16960,The facilities are fine but could be better.,Neutral
Entrance,8370,"Acceptable quality, sakto lang ang karanasan.",Neutral
Event,9629,"Standard amenities, fine experience for the price.",Neutral
Reservation,17501,The facilities are fine but could be better.,Neutral
Reservation,7111,Mabagal ang serbisyo at medyo disappointing.,Negative
Hall Rental,9938,Hindi gaanong special pero okay naman yung stay.,Neutral
Reservation,3872,Rude staff and very slow service at reception.,Negative
Event,9092,"Disappointing stay, a total waste of money.",Negative
Hall Rental,8726,Madumi yung area nung dumating kami.,Negative
Entrance,6813,Mabagal ang serbisyo at medyo disappointing.,Negative
Room,4038,"Dirty rooms, broken aircon, and bad smell.",Negative
Hall Rental,19737,The service was perfect and absolutely amazing.,Positive
Event,21602,The service was perfect and absolutely amazing.,Positive
Hall Rental,23038,Sulit na sulit ang booking namin.,Positive
Room,24382,Walang kupas ang ganda ng pool area.,Positive
Hall Rental,15697,The facilities are fine but could be better.,Neutral
Event,24273,Mabait at magalang ang mga staff dito.,Positive
Hall Rental,20468,Walang kupas ang ganda ng pool area.,Positive
Reservation,3191,Madumi yung area nung dumating kami.,Negative
Reservation,3451,The water was cloudy and the area was messy.,Negative
Hall Rental,27915,Walang kupas ang ganda ng pool area.,Positive
Reservation,21540,"Beautiful view and very friendly, helpful staff.",Positive
Room,20429,Great value for money and a relaxing vibe.,Positive
Entrance,18564,"Beautiful view and very friendly, helpful staff.",Positive
Room,2888,Mabagal ang serbisyo at medyo disappointing.,Negative
Entrance,15822,Mabait at magalang ang mga staff dito.,Positive
Entrance,8878,Madumi yung area nung dumating kami.,Negative
Room,16102,Hindi gaanong special pero okay naman yung stay.,Neutral
Entrance,21295,"Everything was superb, clean, and well-maintained.",Positive
Room,26104,"Excellent facility, highly recommend to everyone!",Positive
Reservation,10282,"The room was decent and normal, nothing special.",Neutral
Reservation,9537,"It was an okay stay, average service overall.",Neutral
Event,16199,"Standard amenities, fine experience for the price.",Neutral
Reservation,29924,Great value for money and a relaxing vibe.,Positive
Reservation,22943,Sulit na sulit ang booking namin.,Positive
Hall Rental,26698,Great value for money and a relaxing vibe.,Positive
Entrance,16615,Hindi gaanong special pero okay naman yung stay.,Neutral
Entrance,4096,Madumi yung area nung dumating kami.,Negative
Room,25724,Mabait at magalang ang mga staff dito.,Positive
Event,11970,The facilities are fine but could be better.,Neutral
Event,3164,Rude staff and very slow service at reception.,Negative
Room,8429,Mabagal ang serbisyo at medyo disappointing.,Negative
Reservation,5164,"Disappointing stay, a total waste of money.",Negative
Hall Rental,11109,"Acceptable quality, sakto lang ang karanasan.",Neutral
Reservation,24827,Sulit na sulit ang booking namin.,Positive
Entrance,25348,The service was perfect and absolutely amazing.,Positive
Reservation,8721,Good location but service was just standard.,Neutral
Hall Rental,5414,Hindi kami nasiyahan sa aming stay dito.,Negative
Entrance,19114,Mabait at magalang ang mga staff dito.,Positive
Hall Rental,27468,Mabait at magalang ang mga staff dito.,Positive
Entrance,23032,"Everything was superb, clean, and well-maintained.",Positive
Reservation,12857,"The room was decent and normal, nothing special.",Neutral
Reservation,3449,The water was cloudy and the area was messy.,Negative
Reservation,15069,Medyo okay naman ang experience namin.,Neutral
Entrance,4558,Hindi kami nasiyahan sa aming stay dito.,Negative
Event,16954,"Standard amenities, fine experience for the price.",Neutral
Reservation,20966,"Everything was superb, clean, and well-maintained.",Positive
Entrance,19164,Walang kupas ang ganda ng pool area.,Positive
Entrance,15525,"Everything was superb, clean, and well-maintained.",Positive
Event,11259,Good location but service was just standard.,Neutral
Room,23958,The service was perfect and absolutely amazing.,Positive
Hall Rental,8882,"Acceptable quality, sakto lang ang karanasan.",Neutral
Entrance,2138,"Terrible and awful experience, would not go back.",Negative
Entrance,15161,"Everything was superb, clean, and well-maintained.",Positive
Event,2753,"Terrible and awful experience, would not go back.",Negative
Room,13485,"It was an okay stay, average service overall.",Neutral
Room,8064,Madumi yung area nung dumating kami.,Negative
Hall Rental,17113,"Everything was superb, clean, and well-maintained.",Positive
Event,7515,"Dirty rooms, broken aircon, and bad smell.",Negative
Hall Rental,26485,"Excellent facility, highly recommend to everyone!",Positive
Event,18713,The service was perfect and absolutely amazing.,Positive
Room,26660,Great value for money and a relaxing vibe.,Positive
Event,11490,Good location but service was just standard.,Neutral
Hall Rental,15545,"Excellent facility, highly recommend to everyone!",Positive
Entrance,16256,"Everything was superb, clean, and well-maintained.",Positive
Entrance,26328,Mabait at magalang ang mga staff dito.,Positive
Event,15262,"Acceptable quality, sakto lang ang karanasan.",Neutral
Event,20390,"Excellent facility, highly recommend to everyone!",Positive
Hall Rental,9628,Hindi gaanong special pero okay naman yung stay.,Neutral
Event,17502,The service was perfect and absolutely amazing.,Positive
Hall Rental,16625,The service was perfect and absolutely amazing.,Positive
Room,13366,"Standard amenities, fine experience for the price.",Neutral
Hall Rental,17949,Hindi gaanong special pero okay naman yung stay.,Neutral
Entrance,8778,"The room was decent and normal, nothing special.",Neutral
Reservation,21254,"Beautiful view and very friendly, helpful staff.",Positive
Reservation,26375,Mabait at magalang ang mga staff dito.,Positive
Room,4682,Madumi yung area nung dumating kami.,Negative
Room,2901,"Dirty rooms, broken aircon, and bad smell.",Negative
Reservation,2109,"Dirty rooms, broken aircon, and bad smell.",Negative
Room,8269,"Terrible and awful experience, would not go back.",Negative
Entrance,8054,The water was cloudy and the area was messy.,Negative
Entrance,14837,Medyo okay naman ang experience namin.,Neutral
Hall Rental,29340,Great value for money and a relaxing vibe.,Positive
Entrance,12749,Medyo okay naman ang experience namin.,Neutral
Event,25828,The service was perfect and absolutely amazing.,Positive
Hall Rental,25478,Mabait at magalang ang mga staff dito.,Positive
Entrance,4565,Hindi kami nasiyahan sa aming stay dito.,Negative
Event,8399,Mabagal ang serbisyo at medyo disappointing.,Negative
Entrance,12820,"It was an okay stay, average service overall.",Neutral
Hall Rental,10964,"The room was decent and normal, nothing special.",Neutral
Reservation,2746,"Disappointing stay, a total waste of money.",Negative
Reservation,5729,Rude staff and very slow service at reception.,Negative
Reservation,5402,Mabagal ang serbisyo at medyo disappointing.,Negative
Entrance,17614,"The room was decent and normal, nothing special.",Neutral
Hall Rental,17719,"Excellent facility, highly recommend to everyone!",Positive
Entrance,26551,Sulit na sulit ang booking namin.,Positive
Room,5319,"Dirty rooms, broken aircon, and bad smell.",Negative
Reservation,7201,The water was cloudy and the area was messy.,Negative
Entrance,9655,Madumi yung area nung dumating kami.,Negative
Entrance,7254,"Dirty rooms, broken aircon, and bad smell.",Negative
Event,2273,"Disappointing stay, a total waste of money.",Negative
Reservation,3341,"Disappointing stay, a total waste of money.",Negative
Entrance,9788,"Dirty rooms, broken aircon, and bad smell.",Negative
Reservation,5236,"Terrible and awful experience, would not go back.",Negative
Event,17557,"Standard amenities, fine experience for the price.",Neutral
Room,16915,"The room was decent and normal, nothing special.",Neutral
Reservation,6164,Madumi yung area nung dumating kami.,Negative
Reservation,15480,Hindi gaanong special pero okay naman yung stay.,Neutral
Room,3104,The water was cloudy and the area was messy.,Negative
Reservation,4749,Rude staff and very slow service at reception.,Negative
Reservation,11791,"Standard amenities, fine experience for the price.",Neutral
Room,8538,The water was cloudy and the area was messy.,Negative
Room,2600,The water was cloudy and the area was messy.,Negative
Reservation,27218,Walang kupas ang ganda ng pool area.,Positive
Room,2421,"Disappointing stay, a total waste of money.",Negative
Reservation,22587,Walang kupas ang ganda ng pool area.,Positive
Entrance,5875,"Terrible and awful experience, would not go back.",Negative
Event,9134,Medyo okay naman ang experience namin.,Neutral
Hall Rental,15226,Medyo okay naman ang experience namin.,Neutral
Reservation,7214,The water was cloudy and the area was messy.,Negative
Hall Rental,11536,"Standard amenities, fine experience for the price.",Neutral
Event,17475,"Standard amenities, fine experience for the price.",Neutral
Event,6310,"Terrible and awful experience, would not go back.",Negative
Event,26886,Mabait at magalang ang mga staff dito.,Positive
Hall Rental,9262,"The room was decent and normal, nothing special.",Neutral
Reservation,9431,Medyo okay naman ang experience namin.,Neutral
Event,8219,"Dirty rooms, broken aircon, and bad smell.",Negative
Room,13388,"It was an okay stay, average service overall.",Neutral
Event,15160,"Standard amenities, fine experience for the price.",Neutral
Reservation,15818,"Acceptable quality, sakto lang ang karanasan.",Neutral
Room,16828,"Excellent facility, highly recommend to everyone!",Positive
Event,15920,Mabait at magalang ang mga staff dito.,Positive
Reservation,5086,"Disappointing stay, a total waste of money.",Negative
Hall Rental,15751,The facilities are fine but could be better.,Neutral
Room,9287,"Dirty rooms, broken aircon, and bad smell.",Negative
Hall Rental,3070,"Dirty rooms, broken aircon, and bad smell.",Negative
Room,17385,Great value for money and a relaxing vibe.,Positive
Hall Rental,19612,"Excellent facility, highly recommend to everyone!",Positive
Hall Rental,8364,Medyo okay naman ang experience namin.,Neutral
Hall Rental,16239,"Excellent facility, highly recommend to everyone!",Positive
Room,9526,The water was cloudy and the area was messy.,Negative
Reservation,23503,Walang kupas ang ganda ng pool area.,Positive
Entrance,26279,"Everything was superb, clean, and well-maintained.",Positive
Event,21396,Mabait at magalang ang mga staff dito.,Positive
Hall Rental,6868,Rude staff and very slow service at reception.,Negative
Event,5985,Madumi yung area nung dumating kami.,Negative
Event,12427,The facilities are fine but could be better.,Neutral
Reservation,13223,"Standard amenities, fine experience for the price.",Neutral
Room,9673,Good location but service was just standard.,Neutral
Reservation,12987,"Acceptable quality, sakto lang ang karanasan.",Neutral
Hall Rental,23706,Walang kupas ang ganda ng pool area.,Positive
Hall Rental,20342,The service was perfect and absolutely amazing.,Positive
Room,16560,Great value for money and a relaxing vibe.,Positive
Entrance,6907,Hindi kami nasiyahan sa aming stay dito.,Negative
Event,8851,Hindi kami nasiyahan sa aming stay dito.,Negative
Reservation,13093,Hindi gaanong special pero okay naman yung stay.,Neutral
Event,11808,The facilities are fine but could be better.,Neutral
Event,9468,Madumi yung area nung dumating kami.,Negative
Reservation,6071,"Dirty rooms, broken aircon, and bad smell.",Negative
Reservation,16062,"Excellent facility, highly recommend to everyone!",Positive
Entrance,11970,Good location but service was just standard.,Neutral
Room,24465,"Everything was superb, clean, and well-maintained.",Positive
Reservation,19703,The service was perfect and absolutely amazing.,Positive
Event,27984,"Everything was superb, clean, and well-maintained.",Positive
Reservation,24310,Mabait at magalang ang mga staff dito.,Positive
Hall Rental,3922,Mabagal ang serbisyo at medyo disappointing.,Negative
Room,17043,"Standard amenities, fine experience for the price.",Neutral
Hall Rental,16986,"Excellent facility, highly recommend to everyone!",Positive
Room,23434,Sulit na sulit ang booking namin.,Positive
Reservation,27846,"Everything was superb, clean, and well-maintained.",Positive
Reservation,10787,"Standard amenities, fine experience for the price.",Neutral
Entrance,26421,"Beautiful view and very friendly, helpful staff.",Positive
Room,15145,"Everything was superb, clean, and well-maintained.",Positive
Room,3779,Hindi kami nasiyahan sa aming stay dito.,Negative
Entrance,23964,Great value for money and a relaxing vibe.,Positive
Room,9497,"Standard amenities, fine experience for the price.",Neutral
Reservation,19223,Mabait at magalang ang mga staff dito.,Positive
Entrance,8165,Good location but service was just standard.,Neutral
Event,25852,The service was perfect and absolutely amazing.,Positive
Reservation,20232,"Everything was superb, clean, and well-maintained.",Positive
Room,16458,Hindi gaanong special pero okay naman yung stay.,Neutral
Event,7323,Hindi kami nasiyahan sa aming stay dito.,Negative
Entrance,8537,"Dirty rooms, broken aircon, and bad smell.",Negative
Hall Rental,16998,Walang kupas ang ganda ng pool area.,Positive
Hall Rental,9966,Good location but service was just standard.,Neutral
Event,3412,"Dirty rooms, broken aircon, and bad smell.",Negative
Entrance,10007,"Standard amenities, fine experience for the price.",Neutral
Hall Rental,5396,"Terrible and awful experience, would not go back.",Negative
Entrance,16472,"Acceptable quality, sakto lang ang karanasan.",Neutral
Hall Rental,11155,"The room was decent and normal, nothing special.",Neutral
Event,25700,"Everything was superb, clean, and well-maintained.",Positive
Entrance,26249,Sulit na sulit ang booking namin.,Positive
Reservation,10044,Hindi gaanong special pero okay naman yung stay.,Neutral
Entrance,27411,"Everything was superb, clean, and well-maintained.",Positive
Room,26695,Mabait at magalang ang mga staff dito.,Positive
Event,14246,Hindi gaanong special pero okay naman yung stay.,Neutral
Event,13345,"Standard amenities, fine experience for the price.",Neutral
Reservation,15758,"It was an okay stay, average service overall.",Neutral
Reservation,3228,Mabagal ang serbisyo at medyo disappointing.,Negative
Entrance,17456,Medyo okay naman ang experience namin.,Neutral
Reservation,16256,Sulit na sulit ang booking namin.,Positive
Hall Rental,9667,Hindi kami nasiyahan sa aming stay dito.,Negative
Event,11253,"Acceptable quality, sakto lang ang karanasan.",Neutral
Reservation,19178,"Excellent facility, highly recommend to everyone!",Positive
Reservation,16841,"Beautiful view and very friendly, helpful staff.",Positive
Hall Rental,9461,"Dirty rooms, broken aircon, and bad smell.",Negative
Event,9983,"Disappointing stay, a total waste of money.",Negative
Room,5513,Hindi kami nasiyahan sa aming stay dito.,Negative
Hall Rental,4747,The water was cloudy and the area was messy.,Negative
Room,17190,Hindi gaanong special pero okay naman yung stay.,Neutral
Event,19780,"Everything was superb, clean, and well-maintained.",Positive
Event,12932,Hindi gaanong special pero okay naman yung stay.,Neutral
Entrance,7027,Madumi yung area nung dumating kami.,Negative
Event,17560,"Beautiful view and very friendly, helpful staff.",Positive
Hall Rental,26608,"Excellent facility, highly recommend to everyone!",Positive
Reservation,10696,"It was an okay stay, average service overall.",Neutral
Entrance,2044,Mabagal ang serbisyo at medyo disappointing.,Negative
Hall Rental,28528,Sulit na sulit ang booking namin.,Positive
Event,11629,Medyo okay naman ang experience namin.,Neutral
Room,10172,"Standard amenities, fine experience for the price.",Neutral
Event,15697,Great value for money and a relaxing vibe.,Positive
Entrance,4475,"Dirty rooms, broken aircon, and bad smell.",Negative
Hall Rental,13738,"It was an okay stay, average service overall.",Neutral
Event,17369,"Acceptable quality, sakto lang ang karanasan.",Neutral
Entrance,7112,The water was cloudy and the area was messy.,Negative
Event,23208,Walang kupas ang ganda ng pool area.,Positive
Hall Rental,10014,Good location but service was just standard.,Neutral
Entrance,5007,The water was cloudy and the area was messy.,Negative
Event,17663,"The room was decent and normal, nothing special.",Neutral
Reservation,14683,"The room was decent and normal, nothing special.",Neutral
Reservation,21042,Walang kupas ang ganda ng pool area.,Positive
Reservation,9364,"The room was decent and normal, nothing special.",Neutral
Room,3416,"Dirty rooms, broken aircon, and bad smell.",Negative
Hall Rental,17374,"Standard amenities, fine experience for the price.",Neutral
Reservation,8205,"The room was decent and normal, nothing special.",Neutral
Event,8414,"Terrible and awful experience, would not go back.",Negative
Room,6141,The water was cloudy and the area was messy.,Negative
Hall Rental,13672,The facilities are fine but could be better.,Neutral
Hall Rental,17323,The facilities are fine but could be better.,Neutral
Event,27039,The service was perfect and absolutely amazing.,Positive
Entrance,16662,"The room was decent and normal, nothing special.",Neutral
Event,10690,Good location but service was just standard.,Neutral
Event,17896,"Beautiful view and very friendly, helpful staff.",Positive
Entrance,18756,"Everything was superb, clean, and well-maintained.",Positive
Room,17428,"It was an okay stay, average service overall.",Neutral
Event,11847,"Standard amenities, fine experience for the price.",Neutral
Hall Rental,16312,Great value for money and a relaxing vibe.,Positive
Event,8670,"It was an okay stay, average service overall.",Neutral
Room,20043,"Beautiful view and very friendly, helpful staff.",Positive
Entrance,6157,"Dirty rooms, broken aircon, and bad smell.",Negative
Entrance,4529,The water was cloudy and the area was messy.,Negative
Entrance,7988,"Terrible and awful experience, would not go back.",Negative
Reservation,15963,"Excellent facility, highly recommend to everyone!",Positive
Event,22849,Sulit na sulit ang booking namin.,Positive
Room,9269,Medyo okay naman ang experience namin.,Neutral
Event,10479,Good location but service was just standard.,Neutral
Hall Rental,21736,"Beautiful view and very friendly, helpful staff.",Positive
Entrance,28389,The service was perfect and absolutely amazing.,Positive
Hall Rental,3467,Mabagal ang serbisyo at medyo disappointing.,Negative
Room,17343,Hindi gaanong special pero okay naman yung stay.,Neutral
Hall Rental,26649,Mabait at magalang ang mga staff dito.,Positive
Room,13445,Good location but service was just standard.,Neutral
Entrance,6078,Madumi yung area nung dumating kami.,Negative
Hall Rental,2834,Madumi yung area nung dumating kami.,Negative
Hall Rental,2551,"Terrible and awful experience, would not go back.",Negative
Reservation,8086,Good location but service was just standard.,Neutral
Reservation,28380,Walang kupas ang ganda ng pool area.,Positive
Entrance,29036,Mabait at magalang ang mga staff dito.,Positive
Hall Rental,11655,"The room was decent and normal, nothing special.",Neutral
Hall Rental,11109,"Acceptable quality, sakto lang ang karanasan.",Neutral
Room,8821,Madumi yung area nung dumating kami.,Negative
Entrance,19555,The service was perfect and absolutely amazing.,Positive
Entrance,23150,"Everything was superb, clean, and well-maintained.",Positive
Room,9474,"Standard amenities, fine experience for the price.",Neutral
Room,5675,"Terrible and awful experience, would not go back.",Negative
Entrance,22043,Great value for money and a relaxing vibe.,Positive
Event,8007,"Standard amenities, fine experience for the price.",Neutral
Reservation,9098,"Standard amenities, fine experience for the price.",Neutral
Entrance,2198,"Disappointing stay, a total waste of money.",Negative
Reservation,14317,Good location but service was just standard.,Neutral
Room,22714,Mabait at magalang ang mga staff dito.,Positive
Event,4917,Rude staff and very slow service at reception.,Negative
Event,26252,Mabait at magalang ang mga staff dito.,Positive
Hall Rental,5280,"Disappointing stay, a total waste of money.",Negative
Entrance,12992,"Acceptable quality, sakto lang ang karanasan.",Neutral
Reservation,13462,Good location but service was just standard.,Neutral
Entrance,22916,Walang kupas ang ganda ng pool area.,Positive
Event,26393,Walang kupas ang ganda ng pool area.,Positive
Room,16100,Good location but service was just standard.,Neutral
Hall Rental,2355,Mabagal ang serbisyo at medyo disappointing.,Negative
Reservation,5237,The water was cloudy and the area was messy.,Negative
Hall Rental,19531,"Beautiful view and very friendly, helpful staff.",Positive
Reservation,14204,Good location but service was just standard.,Neutral
Entrance,11901,"The room was decent and normal, nothing special.",Neutral
Reservation,29083,The service was perfect and absolutely amazing.,Positive
Room,9829,Medyo okay naman ang experience namin.,Neutral
Event,18292,"Everything was superb, clean, and well-maintained.",Positive
Hall Rental,10657,"Standard amenities, fine experience for the price.",Neutral
Reservation,18561,"Beautiful view and very friendly, helpful staff.",Positive
Entrance,4370,Rude staff and very slow service at reception.,Negative
Hall Rental,16491,Hindi gaanong special pero okay naman yung stay.,Neutral
Hall Rental,15423,Hindi gaanong special pero okay naman yung stay.,Neutral
Reservation,16218,"Everything was superb, clean, and well-maintained.",Positive
Entrance,8533,Madumi yung area nung dumating kami.,Negative
Hall Rental,9289,The facilities are fine but could be better.,Neutral
Hall Rental,10292,"Acceptable quality, sakto lang ang karanasan.",Neutral
Room,8910,Hindi gaanong special pero okay naman yung stay.,Neutral
Hall Rental,6758,Mabagal ang serbisyo at medyo disappointing.,Negative
Reservation,9481,"The room was decent and normal, nothing special.",Neutral
Reservation,2361,The water was cloudy and the area was messy.,Negative
Event,7916,"Dirty rooms, broken aircon, and bad smell.",Negative
Event,8276,The facilities are fine but could be better.,Neutral
Reservation,2947,"Dirty rooms, broken aircon, and bad smell.",Negative
Reservation,26234,The service was perfect and absolutely amazing.,Positive
Entrance,2752,Hindi kami nasiyahan sa aming stay dito.,Negative
Event,25773,The service was perfect and absolutely amazing.,Positive
Event,26362,The service was perfect and absolutely amazing.,Positive
Room,17569,"Standard amenities, fine experience for the price.",Neutral
Entrance,17928,"Standard amenities, fine experience for the price.",Neutral
Entrance,25047,Walang kupas ang ganda ng pool area.,Positive
Entrance,8404,Mabagal ang serbisyo at medyo disappointing.,Negative
Event,12008,"It was an okay stay, average service overall.",Neutral
Entrance,27857,"Beautiful view and very friendly, helpful staff.",Positive
Room,16704,Walang kupas ang ganda ng pool area.,Positive
Event,22029,Walang kupas ang ganda ng pool area.,Positive
Event,6305,"Dirty rooms, broken aircon, and bad smell.",Negative
Event,3823,"Disappointing stay, a total waste of money.",Negative
Event,12968,"Acceptable quality, sakto lang ang karanasan.",Neutral
Event,27135,"Everything was superb, clean, and well-maintained.",Positive
Room,27533,"Beautiful view and very friendly, helpful staff.",Positive
Entrance,9440,Rude staff and very slow service at reception.,Negative
Room,2164,Hindi kami nasiyahan sa aming stay dito.,Negative
Entrance,8801,"Disappointing stay, a total waste of money.",Negative
Room,23647,"Everything was superb, clean, and well-maintained.",Positive
Room,3296,"Dirty rooms, broken aircon, and bad smell.",Negative
Room,14396,"The room was decent and normal, nothing special.",Neutral
Entrance,8501,Rude staff and very slow service at reception.,Negative
Room,2170,The water was cloudy and the area was messy.,Negative
Event,17203,Walang kupas ang ganda ng pool area.,Positive
Entrance,6674,Mabagal ang serbisyo at medyo disappointing.,Negative
Reservation,16636,The service was perfect and absolutely amazing.,Positive
Entrance,17086,"Acceptable quality, sakto lang ang karanasan.",Neutral
Reservation,22164,Great value for money and a relaxing vibe.,Positive
Entrance,22227,"Everything was superb, clean, and well-maintained.",Positive
Hall Rental,16854,The service was perfect and absolutely amazing.,Positive
Reservation,12529,"Acceptable quality, sakto lang ang karanasan.",Neutral
Reservation,7171,"Terrible and awful experience, would not go back.",Negative
Event,17911,"Everything was superb, clean, and well-maintained.",Positive
Reservation,9876,The water was cloudy and the area was messy.,Negative
Room,27323,Mabait at magalang ang mga staff dito.,Positive
Room,25837,Great value for money and a relaxing vibe.,Positive
Entrance,26577,Mabait at magalang ang mga staff dito.,Positive
Reservation,10839,"The room was decent and normal, nothing special.",Neutral
Hall Rental,2207,Hindi kami nasiyahan sa aming stay dito.,Negative
Hall Rental,6408,The water was cloudy and the area was messy.,Negative
Hall Rental,14308,The facilities are fine but could be better.,Neutral
Reservation,15737,"Acceptable quality, sakto lang ang karanasan.",Neutral
Entrance,27808,Mabait at magalang ang mga staff dito.,Positive
Room,16442,"The room was decent and normal, nothing special.",Neutral
Hall Rental,7776,"Terrible and awful experience, would not go back.",Negative
Event,9132,"Acceptable quality, sakto lang ang karanasan.",Neutral
Entrance,18040,"Everything was superb, clean, and well-maintained.",Positive
Hall Rental,3849,Hindi kami nasiyahan sa aming stay dito.,Negative
Hall Rental,21265,Sulit na sulit ang booking namin.,Positive
Reservation,7065,Hindi kami nasiyahan sa aming stay dito.,Negative
Event,3381,"Dirty rooms, broken aircon, and bad smell.",Negative
Event,23792,"Everything was superb, clean, and well-maintained.",Positive
Event,7137,Rude staff and very slow service at reception.,Negative
Entrance,11313,Good location but service was just standard.,Neutral
Reservation,8726,Medyo okay naman ang experience namin.,Neutral
Room,24540,Walang kupas ang ganda ng pool area.,Positive
Entrance,11129,"It was an okay stay, average service overall.",Neutral
Reservation,4623,Madumi yung area nung dumating kami.,Negative
Entrance,9371,"Disappointing stay, a total waste of money.",Negative
Entrance,13004,"The room was decent and normal, nothing special.",Neutral
Entrance,3867,Madumi yung area nung dumating kami.,Negative
Reservation,10931,Medyo okay naman ang experience namin.,Neutral
Room,10780,Good location but service was just standard.,Neutral
Hall Rental,27350,Great value for money and a relaxing vibe.,Positive
Event,7484,Rude staff and very slow service at reception.,Negative
Event,4500,Mabagal ang serbisyo at medyo disappointing.,Negative
Entrance,6478,"Disappointing stay, a total waste of money.",Negative
Reservation,17832,The service was perfect and absolutely amazing.,Positive
Event,5832,Madumi yung area nung dumating kami.,Negative
Reservation,17087,Medyo okay naman ang experience namin.,Neutral
Entrance,22240,Great value for money and a relaxing vibe.,Positive
Reservation,14382,Medyo okay naman ang experience namin.,Neutral
Entrance,15957,Medyo okay naman ang experience namin.,Neutral
Room,3187,"Dirty rooms, broken aircon, and bad smell.",Negative
Room,9819,Good location but service was just standard.,Neutral
Reservation,19363,"Beautiful view and very friendly, helpful staff.",Positive
Hall Rental,7244,Mabagal ang serbisyo at medyo disappointing.,Negative
Reservation,3767,"Disappointing stay, a total waste of money.",Negative
Entrance,28046,"Beautiful view and very friendly, helpful staff.",Positive
Entrance,4897,Madumi yung area nung dumating kami.,Negative
Entrance,17519,Good location but service was just standard.,Neutral
Event,6372,Rude staff and very slow service at reception.,Negative
Room,6524,"Dirty rooms, broken aircon, and bad smell.",Negative
Entrance,4860,Mabagal ang serbisyo at medyo disappointing.,Negative
Reservation,21078,Great value for money and a relaxing vibe.,Positive
Room,9961,Hindi kami nasiyahan sa aming stay dito.,Negative
Reservation,8535,The water was cloudy and the area was messy.,Negative
Reservation,22725,"Beautiful view and very friendly, helpful staff.",Positive
Reservation,8049,"It was an okay stay, average service overall.",Neutral
Room,8477,"Disappointing stay, a total waste of money.",Negative
Reservation,17120,Great value for money and a relaxing vibe.,Positive
Reservation,8062,"Dirty rooms, broken aircon, and bad smell.",Negative
Hall Rental,8164,Hindi kami nasiyahan sa aming stay dito.,Negative
Room,10581,Medyo okay naman ang experience namin.,Neutral
Room,4591,"Terrible and awful experience, would not go back.",Negative
Room,15345,"It was an okay stay, average service overall.",Neutral
Hall Rental,4663,"Dirty rooms, broken aircon, and bad smell.",Negative
Entrance,11343,Hindi gaanong special pero okay naman yung stay.,Neutral
Event,10761,"Acceptable quality, sakto lang ang karanasan.",Neutral
Hall Rental,11740,"It was an okay stay, average service overall.",Neutral
Event,23716,Walang kupas ang ganda ng pool area.,Positive
Entrance,6377,Madumi yung area nung dumating kami.,Negative
Entrance,11672,Good location but service was just standard.,Neutral
Event,3754,"Terrible and awful experience, would not go back.",Negative
Event,9518,"The room was decent and normal, nothing special.",Neutral
Entrance,7000,Mabagal ang serbisyo at medyo disappointing.,Negative
Hall Rental,5666,The water was cloudy and the area was messy.,Negative
Event,15658,Medyo okay naman ang experience namin.,Neutral
Hall Rental,15789,"The room was decent and normal, nothing special.",Neutral
Event,7544,Rude staff and very slow service at reception.,Negative
Entrance,2322,Hindi kami nasiyahan sa aming stay dito.,Negative
Reservation,9350,"Disappointing stay, a total waste of money.",Negative
Entrance,29646,The service was perfect and absolutely amazing.,Positive
Hall Rental,3675,Madumi yung area nung dumating kami.,Negative
Event,4064,"Dirty rooms, broken aircon, and bad smell.",Negative
Hall Rental,9077,The water was cloudy and the area was messy.,Negative
Room,11198,The facilities are fine but could be better.,Neutral
Hall Rental,12675,"Standard amenities, fine experience for the price.",Neutral
Entrance,5322,"Dirty rooms, broken aircon, and bad smell.",Negative
Entrance,13647,Good location but service was just standard.,Neutral
Reservation,4944,Madumi yung area nung dumating kami.,Negative
Reservation,10432,Medyo okay naman ang experience namin.,Neutral
Reservation,28718,Mabait at magalang ang mga staff dito.,Positive
Entrance,25426,"Everything was superb, clean, and well-maintained.",Positive
Room,9857,Hindi gaanong special pero okay naman yung stay.,Neutral
Hall Rental,8011,"The room was decent and normal, nothing special.",Neutral
Reservation,4244,Rude staff and very slow service at reception.,Negative
Entrance,14481,The facilities are fine but could be better.,Neutral
Hall Rental,22561,"Everything was superb, clean, and well-maintained.",Positive
Event,7077,Hindi kami nasiyahan sa aming stay dito.,Negative
Entrance,16252,The facilities are fine but could be better.,Neutral
Entrance,18561,Great value for money and a relaxing vibe.,Positive
Event,4208,Hindi kami nasiyahan sa aming stay dito.,Negative
Room,26280,Walang kupas ang ganda ng pool area.,Positive
Room,3924,"Disappointing stay, a total waste of money.",Negative
Hall Rental,6951,Rude staff and very slow service at reception.,Negative
Event,8685,"Acceptable quality, sakto lang ang karanasan.",Neutral
Event,4302,Mabagal ang serbisyo at medyo disappointing.,Negative
Room,4233,Rude staff and very slow service at reception.,Negative
Reservation,14845,Hindi gaanong special pero okay naman yung stay.,Neutral
Room,6487,Mabagal ang serbisyo at medyo disappointing.,Negative
Room,23984,"Excellent facility, highly recommend to everyone!",Positive
Event,25250,Walang kupas ang ganda ng pool area.,Positive
Reservation,10708,Good location but service was just standard.,Neutral
Hall Rental,8602,Medyo okay naman ang experience namin.,Neutral
Room,8089,"Terrible and awful experience, would not go back.",Negative
Reservation,3539,"Dirty rooms, broken aircon, and bad smell.",Negative
Event,26824,"Beautiful view and very friendly, helpful staff.",Positive
Hall Rental,9695,Hindi gaanong special pero okay naman yung stay.,Neutral
Entrance,26303,Walang kupas ang ganda ng pool area.,Positive
Hall Rental,11273,The facilities are fine but could be better.,Neutral
Room,3244,Madumi yung area nung dumating kami.,Negative
Entrance,20136,Great value for money and a relaxing vibe.,Positive
Room,27115,Mabait at magalang ang mga staff dito.,Positive
Reservation,27513,"Beautiful view and very friendly, helpful staff.",Positive
Hall Rental,14763,Hindi gaanong special pero okay naman yung stay.,Neutral
Reservation,12287,Medyo okay naman ang experience namin.,Neutral
Room,19143,Sulit na sulit ang booking namin.,Positive
Event,6181,"Disappointing stay, a total waste of money.",Negative
Reservation,5142,Hindi kami nasiyahan sa aming stay dito.,Negative
Hall Rental,12916,Hindi gaanong special pero okay naman yung stay.,Neutral
Hall Rental,4878,Hindi kami nasiyahan sa aming stay dito.,Negative
Reservation,22119,Mabait at magalang ang mga staff dito.,Positive
Hall Rental,3706,Rude staff and very slow service at reception.,Negative
Event,28400,"Excellent facility, highly recommend to everyone!",Positive
Hall Rental,7930,Rude staff and very slow service at reception.,Negative
Hall Rental,6694,Mabagal ang serbisyo at medyo disappointing.,Negative
Room,8893,"Dirty rooms, broken aircon, and bad smell.",Negative
Room,8191,Good location but service was just standard.,Neutral
Reservation,16015,Sulit na sulit ang booking namin.,Positive
Entrance,7018,Madumi yung area nung dumating kami.,Negative
Hall Rental,7535,The water was cloudy and the area was messy.,Negative
Room,6790,"Dirty rooms, broken aircon, and bad smell.",Negative
Hall Rental,16112,"It was an okay stay, average service overall.",Neutral
Room,28146,"Excellent facility, highly recommend to everyone!",Positive
Room,9329,Madumi yung area nung dumating kami.,Negative
Event,10551,Hindi gaanong special pero okay naman yung stay.,Neutral
Entrance,8391,Madumi yung area nung dumating kami.,Negative
Event,8065,"Disappointing stay, a total waste of money.",Negative
Entrance,20252,"Everything was superb, clean, and well-maintained.",Positive
Entrance,9942,"Dirty rooms, broken aircon, and bad smell.",Negative
Hall Rental,19971,"Beautiful view and very friendly, helpful staff.",Positive
Event,11940,"Standard amenities, fine experience for the price.",Neutral
Hall Rental,27080,"Beautiful view and very friendly, helpful staff.",Positive
Reservation,17533,Hindi gaanong special pero okay naman yung stay.,Neutral
Entrance,10607,The facilities are fine but could be better.,Neutral
Room,5588,"Disappointing stay, a total waste of money.",Negative
Hall Rental,11113,The facilities are fine but could be better.,Neutral
Entrance,10645,Good location but service was just standard.,Neutral
Event,2305,"Terrible and awful experience, would not go back.",Negative
Hall Rental,24167,"Everything was superb, clean, and well-maintained.",Positive
Hall Rental,12009,The facilities are fine but could be better.,Neutral
Room,22404,Walang kupas ang ganda ng pool area.,Positive
Room,4731,"Disappointing stay, a total waste of money.",Negative
Event,15869,Medyo okay naman ang experience namin.,Neutral
Room,3582,Madumi yung area nung dumating kami.,Negative
Hall Rental,12482,"Standard amenities, fine experience for the price.",Neutral
Room,8298,"Standard amenities, fine experience for the price.",Neutral
Event,23505,"Excellent facility, highly recommend to everyone!",Positive
Reservation,9762,The facilities are fine but could be better.,Neutral
Hall Rental,9938,Madumi yung area nung dumating kami.,Negative
Reservation,3961,"Dirty rooms, broken aircon, and bad smell.",Negative
Hall Rental,26713,"Everything was superb, clean, and well-maintained.",Positive
Room,10361,Hindi gaanong special pero okay naman yung stay.,Neutral
Reservation,8508,Medyo okay naman ang experience namin.,Neutral
Room,16468,Medyo okay naman ang experience namin.,Neutral
Reservation,14771,The facilities are fine but could be better.,Neutral
Event,22970,The service was perfect and absolutely amazing.,Positive
Entrance,10965,"Standard amenities, fine experience for the price.",Neutral
Hall Rental,9029,"It was an okay stay, average service overall.",Neutral
Reservation,16949,Great value for money and a relaxing vibe.,Positive
Room,29064,"Excellent facility, highly recommend to everyone!",Positive
Event,21894,Great value for money and a relaxing vibe.,Positive
Event,10581,"Acceptable quality, sakto lang ang karanasan.",Neutral
Hall Rental,12492,Medyo okay naman ang experience namin.,Neutral
Room,15812,The facilities are fine but could be better.,Neutral
Event,17433,Medyo okay naman ang experience namin.,Neutral
Hall Rental,17169,"Acceptable quality, sakto lang ang karanasan.",Neutral
Room,17062,Great value for money and a relaxing vibe.,Positive
Entrance,9948,"It was an okay stay, average service overall.",Neutral
Room,4510,Madumi yung area nung dumating kami.,Negative
Event,5629,The water was cloudy and the area was messy.,Negative
Hall Rental,9887,The water was cloudy and the area was messy.,Negative
Entrance,9517,Good location but service was just standard.,Neutral
Hall Rental,22419,Mabait at magalang ang mga staff dito.,Positive
Room,5040,Rude staff and very slow service at reception.,Negative
Room,23512,"Everything was superb, clean, and well-maintained.",Positive
Event,15671,Great value for money and a relaxing vibe.,Positive
Reservation,2920,Hindi kami nasiyahan sa aming stay dito.,Negative
Room,5627,"Dirty rooms, broken aircon, and bad smell.",Negative
Room,5385,Mabagal ang serbisyo at medyo disappointing.,Negative
Event,15651,"Standard amenities, fine experience for the price.",Neutral
Event,5536,"Terrible and awful experience, would not go back.",Negative
Reservation,11178,Medyo okay naman ang experience namin.,Neutral
Reservation,23705,"Excellent facility, highly recommend to everyone!",Positive
Entrance,9551,Madumi yung area nung dumating kami.,Negative
Event,26023,Great value for money and a relaxing vibe.,Positive
Room,9422,"Terrible and awful experience, would not go back.",Negative
Room,3280,Hindi kami nasiyahan sa aming stay dito.,Negative
Hall Rental,29700,Walang kupas ang ganda ng pool area.,Positive
Hall Rental,22491,"Excellent facility, highly recommend to everyone!",Positive
Hall Rental,4581,"Dirty rooms, broken aircon, and bad smell.",Negative
Hall Rental,22901,Mabait at magalang ang mga staff dito.,Positive
Entrance,7419,Hindi kami nasiyahan sa aming stay dito.,Negative
Reservation,17950,"Excellent facility, highly recommend to everyone!",Positive
Room,4395,"Dirty rooms, broken aircon, and bad smell.",Negative
Room,15498,"The room was decent and normal, nothing special.",Neutral
Event,2540,"Disappointing stay, a total waste of money.",Negative
Event,4063,"Dirty rooms, broken aircon, and bad smell.",Negative
Entrance,18042,Sulit na sulit ang booking namin.,Positive
Reservation,26041,Sulit na sulit ang booking namin.,Positive
Entrance,15409,The facilities are fine but could be better.,Neutral
Reservation,19940,Walang kupas ang ganda ng pool area.,Positive
Event,9271,The facilities are fine but could be better.,Neutral
Room,2069,Hindi kami nasiyahan sa aming stay dito.,Negative
Entrance,2060,Rude staff and very slow service at reception.,Negative
Room,17200,"Beautiful view and very friendly, helpful staff.",Positive
Event,18173,Great value for money and a relaxing vibe.,Positive
Reservation,6517,"Dirty rooms, broken aircon, and bad smell.",Negative
Entrance,19854,Mabait at magalang ang mga staff dito.,Positive
Hall Rental,3302,"Dirty rooms, broken aircon, and bad smell.",Negative
Room,15529,"Beautiful view and very friendly, helpful staff.",Positive
Hall Rental,17026,Great value for money and a relaxing vibe.,Positive
Entrance,18598,Mabait at magalang ang mga staff dito.,Positive
Reservation,21295,"Everything was superb, clean, and well-maintained.",Positive
Hall Rental,9331,Rude staff and very slow service at reception.,Negative
Event,29653,Great value for money and a relaxing vibe.,Positive
Room,16671,Medyo okay naman ang experience namin.,Neutral
Reservation,5457,"Terrible and awful experience, would not go back.",Negative
Event,18531,"Beautiful view and very friendly, helpful staff.",Positive
Reservation,15514,Sulit na sulit ang booking namin.,Positive
Event,8154,"Disappointing stay, a total waste of money.",Negative
Reservation,8312,"Terrible and awful experience, would not go back.",Negative
Event,14337,"Standard amenities, fine experience for the price.",Neutral
Reservation,18530,Walang kupas ang ganda ng pool area.,Positive
Event,14538,Good location but service was just standard.,Neutral
Room,13368,"It was an okay stay, average service overall.",Neutral
Reservation,17462,"The room was decent and normal, nothing special.",Neutral
Hall Rental,6753,The water was cloudy and the area was messy.,Negative
Reservation,10461,"Standard amenities, fine experience for the price.",Neutral
Reservation,25823,Great value for money and a relaxing vibe.,Positive
Hall Rental,11765,"It was an okay stay, average service overall.",Neutral
Event,11262,Good location but service was just standard.,Neutral
Event,8040,"The room was decent and normal, nothing special.",Neutral
Room,26221,"Everything was superb, clean, and well-maintained.",Positive
Room,2983,"Terrible and awful experience, would not go back.",Negative
Entrance,17941,Good location but service was just standard.,Neutral
Entrance,3292,Madumi yung area nung dumating kami.,Negative
Entrance,3555,Madumi yung area nung dumating kami.,Negative
Room,7533,"Dirty rooms, broken aircon, and bad smell.",Negative
Event,9058,The water was cloudy and the area was messy.,Negative
Reservation,9913,"It was an okay stay, average service overall.",Neutral
Entrance,6598,Rude staff and very slow service at reception.,Negative
Event,9251,"It was an okay stay, average service overall.",Neutral
Hall Rental,15775,Great value for money and a relaxing vibe.,Positive
Event,8382,Hindi gaanong special pero okay naman yung stay.,Neutral
Reservation,21780,"Excellent facility, highly recommend to everyone!",Positive
Event,17168,Hindi gaanong special pero okay naman yung stay.,Neutral
Reservation,16328,Hindi gaanong special pero okay naman yung stay.,Neutral
Entrance,21089,"Beautiful view and very friendly, helpful staff.",Positive
Reservation,21287,Sulit na sulit ang booking namin.,Positive
Hall Rental,7506,Madumi yung area nung dumating kami.,Negative
Event,27256,"Everything was superb, clean, and well-maintained.",Positive
Event,15956,"Beautiful view and very friendly, helpful staff.",Positive
Hall Rental,8637,"Terrible and awful experience, would not go back.",Negative
Reservation,22245,Great value for money and a relaxing vibe.,Positive
Room,13560,"The room was decent and normal, nothing special.",Neutral
Hall Rental,8507,"Dirty rooms, broken aircon, and bad smell.",Negative
Event,8606,"Dirty rooms, broken aircon, and bad smell.",Negative
Hall Rental,11907,The facilities are fine but could be better.,Neutral
Room,14397,Hindi gaanong special pero okay naman yung stay.,Neutral
Hall Rental,4381,Mabagal ang serbisyo at medyo disappointing.,Negative
Entrance,15678,"It was an okay stay, average service overall.",Neutral
Event,2873,The water was cloudy and the area was messy.,Negative
Hall Rental,23194,Walang kupas ang ganda ng pool area.,Positive
Reservation,10005,Good location but service was just standard.,Neutral
Room,21402,"Excellent facility, highly recommend to everyone!",Positive
Hall Rental,22629,Mabait at magalang ang mga staff dito.,Positive
Room,5634,Rude staff and very slow service at reception.,Negative
Hall Rental,17280,"Acceptable quality, sakto lang ang karanasan.",Neutral
Event,14868,"Acceptable quality, sakto lang ang karanasan.",Neutral
Room,13637,Good location but service was just standard.,Neutral
Reservation,9958,Medyo okay naman ang experience namin.,Neutral
Hall Rental,6052,"Dirty rooms, broken aircon, and bad smell.",Negative
Hall Rental,29468,Sulit na sulit ang booking namin.,Positive
Reservation,10854,"Standard amenities, fine experience for the price.",Neutral
Room,11629,Medyo okay naman ang experience namin.,Neutral
Hall Rental,5806,Mabagal ang serbisyo at medyo disappointing.,Negative
Reservation,25966,"Beautiful view and very friendly, helpful staff.",Positive
Event,2314,"Dirty rooms, broken aircon, and bad smell.",Negative
Hall Rental,26760,Walang kupas ang ganda ng pool area.,Positive
Entrance,3129,"Dirty rooms, broken aircon, and bad smell.",Negative
Reservation,3817,The water was cloudy and the area was messy.,Negative
Hall Rental,3910,Hindi kami nasiyahan sa aming stay dito.,Negative
Entrance,8557,"It was an okay stay, average service overall.",Neutral
Event,6865,Madumi yung area nung dumating kami.,Negative
Event,9503,"Terrible and awful experience, would not go back.",Negative
Reservation,12637,Hindi gaanong special pero okay naman yung stay.,Neutral
Hall Rental,21905,Sulit na sulit ang booking namin.,Positive
Entrance,29388,Mabait at magalang ang mga staff dito.,Positive
Event,6548,"Dirty rooms, broken aircon, and bad smell.",Negative
Entrance,9773,Madumi yung area nung dumating kami.,Negative
Reservation,11103,"It was an okay stay, average service overall.",Neutral
Hall Rental,12757,Medyo okay naman ang experience namin.,Neutral
Hall Rental,16125,"It was an okay stay, average service overall.",Neutral
Hall Rental,7636,The water was cloudy and the area was messy.,Negative
Room,20913,Sulit na sulit ang booking namin.,Positive
Event,9601,Madumi yung area nung dumating kami.,Negative
Reservation,17667,Medyo okay naman ang experience namin.,Neutral
Event,19530,"Beautiful view and very friendly, helpful staff.",Positive
Reservation,15295,"Acceptable quality, sakto lang ang karanasan.",Neutral
Event,14971,"Standard amenities, fine experience for the price.",Neutral
Entrance,25574,"Excellent facility, highly recommend to everyone!",Positive
Room,29889,Great value for money and a relaxing vibe.,Positive
Room,26125,Walang kupas ang ganda ng pool area.,Positive
Event,4528,"Disappointing stay, a total waste of money.",Negative
Event,9644,"Acceptable quality, sakto lang ang karanasan.",Neutral
Reservation,20189,"Beautiful view and very friendly, helpful staff.",Positive
Room,7968,Rude staff and very slow service at reception.,Negative
Event,16645,"Excellent facility, highly recommend to everyone!",Positive
Reservation,3956,Mabagal ang serbisyo at medyo disappointing.,Negative
Entrance,9832,"Disappointing stay, a total waste of money.",Negative
Reservation,21102,Walang kupas ang ganda ng pool area.,Positive
Room,24042,Sulit na sulit ang booking namin.,Positive
Event,2546,Hindi kami nasiyahan sa aming stay dito.,Negative
Entrance,7256,The water was cloudy and the area was messy.,Negative
Hall Rental,16921,Good location but service was just standard.,Neutral
Event,5072,The water was cloudy and the area was messy.,Negative
Event,22099,Sulit na sulit ang booking namin.,Positive
Room,15395,"Everything was superb, clean, and well-maintained.",Positive
Reservation,3079,Hindi kami nasiyahan sa aming stay dito.,Negative
Hall Rental,6654,Hindi kami nasiyahan sa aming stay dito.,Negative
Room,27917,"Beautiful view and very friendly, helpful staff.",Positive
Hall Rental,5779,"Dirty rooms, broken aircon, and bad smell.",Negative
Hall Rental,10951,Medyo okay naman ang experience namin.,Neutral
Entrance,22668,"Excellent facility, highly recommend to everyone!",Positive
Room,4113,Mabagal ang serbisyo at medyo disappointing.,Negative
Hall Rental,16912,Good location but service was just standard.,Neutral
Room,26338,Great value for money and a relaxing vibe.,Positive
Room,20299,Sulit na sulit ang booking namin.,Positive
Reservation,16690,The facilities are fine but could be better.,Neutral
Room,18242,Sulit na sulit ang booking namin.,Positive
Entrance,9312,Madumi yung area nung dumating kami.,Negative
Entrance,27790,Sulit na sulit ang booking namin.,Positive
Event,22776,"Beautiful view and very friendly, helpful staff.",Positive
Reservation,7057,"Terrible and awful experience, would not go back.",Negative
Reservation,13593,The facilities are fine but could be better.,Neutral
Reservation,8593,Rude staff and very slow service at reception.,Negative
Entrance,22014,Mabait at magalang ang mga staff dito.,Positive
Hall Rental,12195,"The room was decent and normal, nothing special.",Neutral
Entrance,19285,Sulit na sulit ang booking namin.,Positive
Room,16326,"Acceptable quality, sakto lang ang karanasan.",Neutral
Event,18738,Sulit na sulit ang booking namin.,Positive
Reservation,16646,Great value for money and a relaxing vibe.,Positive
Hall Rental,17536,Good location but service was just standard.,Neutral
Reservation,8674,Good location but service was just standard.,Neutral
Entrance,24093,The service was perfect and absolutely amazing.,Positive
Hall Rental,2703,Madumi yung area nung dumating kami.,Negative
Event,20690,"Everything was superb, clean, and well-maintained.",Positive
Reservation,28643,Sulit na sulit ang booking namin.,Positive
Entrance,12939,"Acceptable quality, sakto lang ang karanasan.",Neutral
Room,6934,The water was cloudy and the area was messy.,Negative
Reservation,9892,Mabagal ang serbisyo at medyo disappointing.,Negative
Entrance,8658,"The room was decent and normal, nothing special.",Neutral
Reservation,7839,Mabagal ang serbisyo at medyo disappointing.,Negative
Room,2853,The water was cloudy and the area was messy.,Negative
Event,15521,Hindi gaanong special pero okay naman yung stay.,Neutral
Event,3128,"Dirty rooms, broken aircon, and bad smell.",Negative
Hall Rental,2324,Hindi kami nasiyahan sa aming stay dito.,Negative
Hall Rental,3505,"Terrible and awful experience, would not go back.",Negative
Event,5062,Mabagal ang serbisyo at medyo disappointing.,Negative
Entrance,20490,"Everything was superb, clean, and well-maintained.",Positive
Hall Rental,12478,Hindi gaanong special pero okay naman yung stay.,Neutral
Event,28102,Sulit na sulit ang booking namin.,Positive
Event,14846,Hindi gaanong special pero okay naman yung stay.,Neutral
Entrance,18741,Great value for money and a relaxing vibe.,Positive
Reservation,15568,"Acceptable quality, sakto lang ang karanasan.",Neutral
Hall Rental,9449,"The room was decent and normal, nothing special.",Neutral
Event,21614,"Beautiful view and very friendly, helpful staff.",Positive
Reservation,21731,Sulit na sulit ang booking namin.,Positive
Reservation,9619,Medyo okay naman ang experience namin.,Neutral
Reservation,9297,The water was cloudy and the area was messy.,Negative
Entrance,4785,"Terrible and awful experience, would not go back.",Negative
Event,5701,"Disappointing stay, a total waste of money.",Negative
Hall Rental,28156,Sulit na sulit ang booking namin.,Positive
Hall Rental,12307,Hindi gaanong special pero okay naman yung stay.,Neutral
Hall Rental,17752,Hindi gaanong special pero okay naman yung stay.,Neutral
Hall Rental,28161,"Everything was superb, clean, and well-maintained.",Positive
Room,11816,Good location but service was just standard.,Neutral
Reservation,16304,Great value for money and a relaxing vibe.,Positive
Reservation,26329,"Beautiful view and very friendly, helpful staff.",Positive
Entrance,10890,"Acceptable quality, sakto lang ang karanasan.",Neutral
Reservation,14999,"The room was decent and normal, nothing special.",Neutral
Reservation,9104,"Acceptable quality, sakto lang ang karanasan.",Neutral
Room,26145,Sulit na sulit ang booking namin.,Positive
Event,12357,Hindi gaanong special pero okay naman yung stay.,Neutral
Entrance,5854,"Disappointing stay, a total waste of money.",Negative
Hall Rental,26022,"Everything was superb, clean, and well-maintained.",Positive
Hall Rental,22490,Walang kupas ang ganda ng pool area.,Positive
Event,14236,Good location but service was just standard.,Neutral
Entrance,3033,"Dirty rooms, broken aircon, and bad smell.",Negative
Reservation,23519,Sulit na sulit ang booking namin.,Positive
Reservation,21924,Walang kupas ang ganda ng pool area.,Positive
Entrance,5123,Madumi yung area nung dumating kami.,Negative
Room,9665,Mabagal ang serbisyo at medyo disappointing.,Negative
Hall Rental,28170,Walang kupas ang ganda ng pool area.,Positive
Room,5832,"Dirty rooms, broken aircon, and bad smell.",Negative
Room,5795,Hindi kami nasiyahan sa aming stay dito.,Negative
Room,27469,Great value for money and a relaxing vibe.,Positive
Entrance,15154,Sulit na sulit ang booking namin.,Positive
Hall Rental,29243,"Beautiful view and very friendly, helpful staff.",Positive
Entrance,7645,The water was cloudy and the area was messy.,Negative
Reservation,23002,"Everything was superb, clean, and well-maintained.",Positive
Reservation,6534,"Terrible and awful experience, would not go back.",Negative
Reservation,9750,Good location but service was just standard.,Neutral
Room,3645,The water was cloudy and the area was messy.,Negative
Hall Rental,15829,Medyo okay naman ang experience namin.,Neutral
Hall Rental,8369,"Standard amenities, fine experience for the price.",Neutral
Reservation,23308,Great value for money and a relaxing vibe.,Positive
Entrance,13776,The facilities are fine but could be better.,Neutral
Room,6466,Hindi kami nasiyahan sa aming stay dito.,Negative
Event,7565,"Dirty rooms, broken aircon, and bad smell.",Negative
Event,7565,"Terrible and awful experience, would not go back.",Negative
Room,16460,The service was perfect and absolutely amazing.,Positive
Room,21677,Great value for money and a relaxing vibe.,Positive
Room,19036,"Everything was superb, clean, and well-maintained.",Positive
Reservation,13119,Medyo okay naman ang experience namin.,Neutral
Reservation,28245,Great value for money and a relaxing vibe.,Positive
Reservation,4757,The water was cloudy and the area was messy.,Negative
Reservation,3007,Hindi kami nasiyahan sa aming stay dito.,Negative
Event,16306,Medyo okay naman ang experience namin.,Neutral
Hall Rental,8492,The facilities are fine but could be better.,Neutral
Entrance,12155,Medyo okay naman ang experience namin.,Neutral
Event,17460,Sulit na sulit ang booking namin.,Positive
Reservation,23619,Sulit na sulit ang booking namin.,Positive
Entrance,29737,Sulit na sulit ang booking namin.,Positive
Event,9806,The facilities are fine but could be better.,Neutral
Room,7296,Mabagal ang serbisyo at medyo disappointing.,Negative
Room,8875,"Dirty rooms, broken aircon, and bad smell.",Negative
Entrance,3996,Hindi kami nasiyahan sa aming stay dito.,Negative
Reservation,5637,Mabagal ang serbisyo at medyo disappointing.,Negative
Room,3545,"Disappointing stay, a total waste of money.",Negative
Event,17120,"The room was decent and normal, nothing special.",Neutral
Room,11932,Good location but service was just standard.,Neutral
Entrance,11831,"Acceptable quality, sakto lang ang karanasan.",Neutral
Room,16307,"Standard amenities, fine experience for the price.",Neutral
Event,8719,"Disappointing stay, a total waste of money.",Negative
Hall Rental,15395,Medyo okay naman ang experience namin.,Neutral
Room,9743,"Terrible and awful experience, would not go back.",Negative
Reservation,18086,"Beautiful view and very friendly, helpful staff.",Positive
Reservation,8079,"Dirty rooms, broken aircon, and bad smell.",Negative
Event,9032,"Acceptable quality, sakto lang ang karanasan.",Neutral
Reservation,23245,Great value for money and a relaxing vibe.,Positive
Room,11168,Good location but service was just standard.,Neutral
Reservation,5201,"Terrible and awful experience, would not go back.",Negative
Reservation,15845,"Acceptable quality, sakto lang ang karanasan.",Neutral
Reservation,16205,"Beautiful view and very friendly, helpful staff.",Positive
Event,19859,The service was perfect and absolutely amazing.,Positive
Entrance,13672,"Standard amenities, fine experience for the price.",Neutral
Room,3168,"Terrible and awful experience, would not go back.",Negative
Event,8840,"Dirty rooms, broken aircon, and bad smell.",Negative
Room,4597,The water was cloudy and the area was messy.,Negative
Room,5998,Madumi yung area nung dumating kami.,Negative
Reservation,6745,"Dirty rooms, broken aircon, and bad smell.",Negative
Room,16365,"The room was decent and normal, nothing special.",Neutral
Reservation,6652,Madumi yung area nung dumating kami.,Negative
Entrance,16923,Hindi gaanong special pero okay naman yung stay.,Neutral
Entrance,24650,"Everything was superb, clean, and well-maintained.",Positive
Entrance,18472,Walang kupas ang ganda ng pool area.,Positive
Event,16252,"Excellent facility, highly recommend to everyone!",Positive
Room,9700,Hindi gaanong special pero okay naman yung stay.,Neutral
Reservation,19544,Mabait at magalang ang mga staff dito.,Positive
Hall Rental,23110,Great value for money and a relaxing vibe.,Positive
Event,26253,"Beautiful view and very friendly, helpful staff.",Positive
Reservation,22052,Sulit na sulit ang booking namin.,Positive
Event,9678,"It was an okay stay, average service overall.",Neutral
Hall Rental,5960,"Terrible and awful experience, would not go back.",Negative
Entrance,8153,Madumi yung area nung dumating kami.,Negative
Room,9903,"Acceptable quality, sakto lang ang karanasan.",Neutral
Entrance,11802,Hindi gaanong special pero okay naman yung stay.,Neutral
Event,24700,Sulit na sulit ang booking namin.,Positive
Entrance,22002,"Excellent facility, highly recommend to everyone!",Positive
Reservation,8182,"The room was decent and normal, nothing special.",Neutral
Entrance,28647,"Everything was superb, clean, and well-maintained.",Positive
Event,26023,Walang kupas ang ganda ng pool area.,Positive
Hall Rental,8380,Mabagal ang serbisyo at medyo disappointing.,Negative
Entrance,16707,Great value for money and a relaxing vibe.,Positive
Hall Rental,7190,Rude staff and very slow service at reception.,Negative
Entrance,3141,"Disappointing stay, a total waste of money.",Negative
Room,7721,"Disappointing stay, a total waste of money.",Negative
Hall Rental,21777,Great value for money and a relaxing vibe.,Positive
Room,12131,Hindi gaanong special pero okay naman yung stay.,Neutral
Room,27537,Mabait at magalang ang mga staff dito.,Positive
Room,3767,"Dirty rooms, broken aircon, and bad smell.",Negative
Room,12552,The facilities are fine but could be better.,Neutral
Entrance,3538,The water was cloudy and the area was messy.,Negative
Room,25554,Walang kupas ang ganda ng pool area.,Positive
Event,17196,"Excellent facility, highly recommend to everyone!",Positive
Entrance,4976,Madumi yung area nung dumating kami.,Negative
Room,8016,Rude staff and very slow service at reception.,Negative
Entrance,19841,"Beautiful view and very friendly, helpful staff.",Positive
Entrance,26371,Sulit na sulit ang booking namin.,Positive
Event,27328,Great value for money and a relaxing vibe.,Positive
Event,10382,Good location but service was just standard.,Neutral
Event,8464,"It was an okay stay, average service overall.",Neutral
Reservation,3788,The water was cloudy and the area was messy.,Negative
Hall Rental,3248,Rude staff and very slow service at reception.,Negative
Entrance,7368,Mabagal ang serbisyo at medyo disappointing.,Negative
Entrance,7969,Madumi yung area nung dumating kami.,Negative
Entrance,23577,Mabait at magalang ang mga staff dito.,Positive
Event,5248,The water was cloudy and the area was messy.,Negative
Hall Rental,9581,"Acceptable quality, sakto lang ang karanasan.",Neutral
Event,4868,"Disappointing stay, a total waste of money.",Negative
Reservation,10863,"Standard amenities, fine experience for the price.",Neutral
Hall Rental,23906,"Everything was superb, clean, and well-maintained.",Positive
Event,15876,Mabait at magalang ang mga staff dito.,Positive
Hall Rental,18444,Mabait at magalang ang mga staff dito.,Positive
Hall Rental,11920,Good location but service was just standard.,Neutral
Room,10783,Medyo okay naman ang experience namin.,Neutral
Entrance,14318,"The room was decent and normal, nothing special.",Neutral
Room,15189,Hindi gaanong special pero okay naman yung stay.,Neutral
Event,6657,Madumi yung area nung dumating kami.,Negative
Hall Rental,8685,"Disappointing stay, a total waste of money.",Negative
Hall Rental,22123,Walang kupas ang ganda ng pool area.,Positive
Reservation,19200,The service was perfect and absolutely amazing.,Positive
Reservation,9237,"Dirty rooms, broken aircon, and bad smell.",Negative
Entrance,25720,Sulit na sulit ang booking namin.,Positive
Entrance,12198,"The room was decent and normal, nothing special.",Neutral
Room,8478,The water was cloudy and the area was messy.,Negative
Reservation,3813,"Terrible and awful experience, would not go back.",Negative
Reservation,15239,Hindi gaanong special pero okay naman yung stay.,Neutral
Reservation,13043,Good location but service was just standard.,Neutral
Hall Rental,28417,"Everything was superb, clean, and well-maintained.",Positive
Hall Rental,10808,"The room was decent and normal, nothing special.",Neutral
Event,28440,Walang kupas ang ganda ng pool area.,Positive
Hall Rental,9556,Hindi gaanong special pero okay naman yung stay.,Neutral
Hall Rental,14871,Hindi gaanong special pero okay naman yung stay.,Neutral
Room,11373,"Acceptable quality, sakto lang ang karanasan.",Neutral
Room,24047,Sulit na sulit ang booking namin.,Positive
Event,5472,"Disappointing stay, a total waste of money.",Negative
Hall Rental,2579,The water was cloudy and the area was messy.,Negative
Room,25492,Sulit na sulit ang booking namin.,Positive
Event,4032,"Disappointing stay, a total waste of money.",Negative
Reservation,15135,"Acceptable quality, sakto lang ang karanasan.",Neutral
Reservation,23173,Great value for money and a relaxing vibe.,Positive
Reservation,16290,"Excellent facility, highly recommend to everyone!",Positive
Reservation,10800,"The room was decent and normal, nothing special.",Neutral
Room,5897,Madumi yung area nung dumating kami.,Negative
Entrance,15077,"Beautiful view and very friendly, helpful staff.",Positive
Room,9873,"Standard amenities, fine experience for the price.",Neutral
Hall Rental,4590,Hindi kami nasiyahan sa aming stay dito.,Negative
Reservation,9446,"Terrible and awful experience, would not go back.",Negative
Entrance,9051,The facilities are fine but could be better.,Neutral
Room,15285,The service was perfect and absolutely amazing.,Positive
Hall Rental,6837,"Dirty rooms, broken aircon, and bad smell.",Negative
Room,3607,"Dirty rooms, broken aircon, and bad smell.",Negative
Room,4744,"Dirty rooms, broken aircon, and bad smell.",Negative
Reservation,11175,"The room was decent and normal, nothing special.",Neutral
Entrance,20881,Sulit na sulit ang booking namin.,Positive
Room,9036,"Disappointing stay, a total waste of money.",Negative
Room,22330,Great value for money and a relaxing vibe.,Positive
Hall Rental,18987,Walang kupas ang ganda ng pool area.,Positive
Entrance,9848,Hindi kami nasiyahan sa aming stay dito.,Negative
Hall Rental,5491,Mabagal ang serbisyo at medyo disappointing.,Negative
Hall Rental,20941,"Everything was superb, clean, and well-maintained.",Positive
Room,17156,Sulit na sulit ang booking namin.,Positive
Hall Rental,9710,Mabagal ang serbisyo at medyo disappointing.,Negative
Hall Rental,28108,Mabait at magalang ang mga staff dito.,Positive
Room,9898,"Terrible and awful experience, would not go back.",Negative
Hall Rental,15296,Medyo okay naman ang experience namin.,Neutral
Room,7211,Madumi yung area nung dumating kami.,Negative
Room,3552,Rude staff and very slow service at reception.,Negative
Entrance,9856,The water was cloudy and the area was messy.,Negative
Room,25300,Great value for money and a relaxing vibe.,Positive
Reservation,5419,Rude staff and very slow service at reception.,Negative
Hall Rental,28716,Sulit na sulit ang booking namin.,Positive
Room,25268,"Excellent facility, highly recommend to everyone!",Positive
Reservation,3759,"Dirty rooms, broken aircon, and bad smell.",Negative
Room,3443,"Dirty rooms, broken aircon, and bad smell.",Negative
Room,15317,Walang kupas ang ganda ng pool area.,Positive
Hall Rental,15162,"Acceptable quality, sakto lang ang karanasan.",Neutral
Reservation,24204,"Everything was superb, clean, and well-maintained.",Positive
Reservation,7898,"Dirty rooms, broken aircon, and bad smell.",Negative
Reservation,12615,"Standard amenities, fine experience for the price.",Neutral
Room,9787,"The room was decent and normal, nothing special.",Neutral
Event,3135,"Disappointing stay, a total waste of money.",Negative
Room,10669,"Standard amenities, fine experience for the price.",Neutral
Room,26003,"Beautiful view and very friendly, helpful staff.",Positive
Entrance,9536,Mabagal ang serbisyo at medyo disappointing.,Negative
Hall Rental,11676,"Acceptable quality, sakto lang ang karanasan.",Neutral
Reservation,25853,"Excellent facility, highly recommend to everyone!",Positive
Hall Rental,15122,Hindi gaanong special pero okay naman yung stay.,Neutral
Reservation,10524,"It was an okay stay, average service overall.",Neutral
Entrance,5885,"Dirty rooms, broken aircon, and bad smell.",Negative
Entrance,11748,"Standard amenities, fine experience for the price.",Neutral
Reservation,16440,The service was perfect and absolutely amazing.,Positive
Event,6225,Madumi yung area nung dumating kami.,Negative
Reservation,13929,"Acceptable quality, sakto lang ang karanasan.",Neutral
Event,13867,"Standard amenities, fine experience for the price.",Neutral
Room,4883,Mabagal ang serbisyo at medyo disappointing.,Negative
Entrance,15462,Good location but service was just standard.,Neutral
Room,24506,Mabait at magalang ang mga staff dito.,Positive
Hall Rental,22657,"Beautiful view and very friendly, helpful staff.",Positive
Reservation,17471,Good location but service was just standard.,Neutral
Reservation,9898,"Standard amenities, fine experience for the price.",Neutral
Event,28931,"Everything was superb, clean, and well-maintained.",Positive
Reservation,9690,Madumi yung area nung dumating kami.,Negative
Entrance,29153,Mabait at magalang ang mga staff dito.,Positive
Reservation,16320,Hindi gaanong special pero okay naman yung stay.,Neutral
Event,15262,"Beautiful view and very friendly, helpful staff.",Positive
Hall Rental,12424,Medyo okay naman ang experience namin.,Neutral
Hall Rental,16464,"The room was decent and normal, nothing special.",Neutral
Entrance,2541,"Disappointing stay, a total waste of money.",Negative
Event,10745,The facilities are fine but could be better.,Neutral
Entrance,24111,"Everything was superb, clean, and well-maintained.",Positive
Room,16721,"The room was decent and normal, nothing special.",Neutral
Room,2344,"Dirty rooms, broken aircon, and bad smell.",Negative
Hall Rental,12383,Good location but service was just standard.,Neutral
Event,28428,Mabait at magalang ang mga staff dito.,Positive
Entrance,5140,"Disappointing stay, a total waste of money.",Negative
Reservation,6443,Mabagal ang serbisyo at medyo disappointing.,Negative
Event,27500,Great value for money and a relaxing vibe.,Positive
Event,8357,Hindi kami nasiyahan sa aming stay dito.,Negative
Room,15988,Walang kupas ang ganda ng pool area.,Positive
Entrance,19431,Walang kupas ang ganda ng pool area.,Positive
Event,17732,Medyo okay naman ang experience namin.,Neutral
Entrance,5511,The water was cloudy and the area was messy.,Negative
Reservation,8441,"Acceptable quality, sakto lang ang karanasan.",Neutral
Reservation,13255,"Acceptable quality, sakto lang ang karanasan.",Neutral
Entrance,17607,"It was an okay stay, average service overall.",Neutral
Hall Rental,15768,"Excellent facility, highly recommend to everyone!",Positive
Hall Rental,22904,Sulit na sulit ang booking namin.,Positive
Reservation,18636,"Everything was superb, clean, and well-maintained.",Positive
Room,15374,"The room was decent and normal, nothing special.",Neutral
Hall Rental,8725,The facilities are fine but could be better.,Neutral
Event,6016,"Terrible and awful experience, would not go back.",Negative
Event,28481,Great value for money and a relaxing vibe.,Positive
Entrance,4175,Rude staff and very slow service at reception.,Negative
Hall Rental,5618,"Dirty rooms, broken aircon, and bad smell.",Negative
Event,7982,Hindi kami nasiyahan sa aming stay dito.,Negative
Hall Rental,2273,Mabagal ang serbisyo at medyo disappointing.,Negative
Entrance,24645,"Excellent facility, highly recommend to everyone!",Positive
Hall Rental,8364,Mabagal ang serbisyo at medyo disappointing.,Negative
Event,27772,Sulit na sulit ang booking namin.,Positive
Event,15170,"Standard amenities, fine experience for the price.",Neutral
Event,23393,The service was perfect and absolutely amazing.,Positive
Room,13789,"It was an okay stay, average service overall.",Neutral
Event,27275,Mabait at magalang ang mga staff dito.,Positive
Entrance,21738,"Everything was superb, clean, and well-maintained.",Positive
Hall Rental,6603,"Terrible and awful experience, would not go back.",Negative
Room,24984,Sulit na sulit ang booking namin.,Positive
Room,6248,"Disappointing stay, a total waste of money.",Negative
Room,17511,Mabait at magalang ang mga staff dito.,Positive
Hall Rental,17923,Great value for money and a relaxing vibe.,Positive
Room,8737,"Disappointing stay, a total waste of money.",Negative
Room,15707,Sulit na sulit ang booking namin.,Positive
Reservation,21313,Walang kupas ang ganda ng pool area.,Positive
Entrance,23684,Walang kupas ang ganda ng pool area.,Positive
Hall Rental,9356,Hindi kami nasiyahan sa aming stay dito.,Negative
Event,6302,"Disappointing stay, a total waste of money.",Negative
Reservation,7442,"Terrible and awful experience, would not go back.",Negative
Event,13416,"Acceptable quality, sakto lang ang karanasan.",Neutral
Reservation,16724,Great value for money and a relaxing vibe.,Positive
Room,26690,"Beautiful view and very friendly, helpful staff.",Positive
Entrance,14823,Hindi gaanong special pero okay naman yung stay.,Neutral
Hall Rental,11262,Hindi gaanong special pero okay naman yung stay.,Neutral
Entrance,5782,Mabagal ang serbisyo at medyo disappointing.,Negative
Reservation,8289,"Acceptable quality, sakto lang ang karanasan.",Neutral
Event,24555,"Excellent facility, highly recommend to everyone!",Positive
Reservation,10090,"Standard amenities, fine experience for the price.",Neutral
Reservation,15634,"Beautiful view and very friendly, helpful staff.",Positive
Room,8976,Hindi kami nasiyahan sa aming stay dito.,Negative
Event,15763,"It was an okay stay, average service overall.",Neutral
Hall Rental,2350,Hindi kami nasiyahan sa aming stay dito.,Negative
Room,22473,The service was perfect and absolutely amazing.,Positive
Reservation,22848,The service was perfect and absolutely amazing.,Positive
Hall Rental,19555,Walang kupas ang ganda ng pool area.,Positive
Room,29820,Mabait at magalang ang mga staff dito.,Positive
Hall Rental,3133,Madumi yung area nung dumating kami.,Negative
Hall Rental,23212,Great value for money and a relaxing vibe.,Positive
Room,4159,Hindi kami nasiyahan sa aming stay dito.,Negative
Hall Rental,6324,"Terrible and awful experience, would not go back.",Negative
Entrance,20177,"Everything was superb, clean, and well-maintained.",Positive
Entrance,20150,"Beautiful view and very friendly, helpful staff.",Positive
Room,9676,"Acceptable quality, sakto lang ang karanasan.",Neutral
Reservation,22604,"Excellent facility, highly recommend to everyone!",Positive
Entrance,4580,Madumi yung area nung dumating kami.,Negative
Event,29061,Mabait at magalang ang mga staff dito.,Positive
Entrance,28631,Mabait at magalang ang mga staff dito.,Positive
Hall Rental,26138,"Everything was superb, clean, and well-maintained.",Positive
Entrance,23435,Great value for money and a relaxing vibe.,Positive
Room,6787,Rude staff and very slow service at reception.,Negative
Room,16540,"Excellent facility, highly recommend to everyone!",Positive
Event,21316,"Beautiful view and very friendly, helpful staff.",Positive
Room,15571,The service was perfect and absolutely amazing.,Positive
Entrance,16224,"It was an okay stay, average service overall.",Neutral
Hall Rental,2378,Rude staff and very slow service at reception.,Negative
Entrance,9915,Hindi kami nasiyahan sa aming stay dito.,Negative
Room,19431,Sulit na sulit ang booking namin.,Positive
Entrance,11835,"The room was decent and normal, nothing special.",Neutral
Reservation,26494,The service was perfect and absolutely amazing.,Positive
Reservation,11645,"It was an okay stay, average service overall.",Neutral
Room,19493,The service was perfect and absolutely amazing.,Positive
Reservation,8539,Hindi kami nasiyahan sa aming stay dito.,Negative
Room,6350,Rude staff and very slow service at reception.,Negative
Entrance,10561,"Standard amenities, fine experience for the price.",Neutral
Room,22667,Walang kupas ang ganda ng pool area.,Positive
Room,14132,The facilities are fine but could be better.,Neutral
Room,7491,The water was cloudy and the area was messy.,Negative
Event,8446,Hindi gaanong special pero okay naman yung stay.,Neutral
Event,8130,Madumi yung area nung dumating kami.,Negative
Event,11976,"Standard amenities, fine experience for the price.",Neutral
Hall Rental,8120,The water was cloudy and the area was messy.,Negative
Entrance,14305,"It was an okay stay, average service overall.",Neutral
Entrance,5170,"Dirty rooms, broken aircon, and bad smell.",Negative
Room,12287,Hindi gaanong special pero okay naman yung stay.,Neutral
Hall Rental,2954,Hindi kami nasiyahan sa aming stay dito.,Negative
Entrance,13788,Good location but service was just standard.,Neutral
Event,9881,Hindi gaanong special pero okay naman yung stay.,Neutral
Reservation,19632,Mabait at magalang ang mga staff dito.,Positive
Entrance,17101,"The room was decent and normal, nothing special.",Neutral
Hall Rental,20779,Great value for money and a relaxing vibe.,Positive
Room,3211,"Dirty rooms, broken aircon, and bad smell.",Negative
Entrance,14049,The facilities are fine but could be better.,Neutral
Reservation,23006,The service was perfect and absolutely amazing.,Positive
Event,6631,Madumi yung area nung dumating kami.,Negative
Room,15130,"Excellent facility, highly recommend to everyone!",Positive
Hall Rental,6372,"Dirty rooms, broken aircon, and bad smell.",Negative
Room,28807,Walang kupas ang ganda ng pool area.,Positive
Reservation,18726,Great value for money and a relaxing vibe.,Positive
Entrance,17979,"Everything was superb, clean, and well-maintained.",Positive
Event,10942,"It was an okay stay, average service overall.",Neutral
Hall Rental,14905,The facilities are fine but could be better.,Neutral
Room,17134,Hindi gaanong special pero okay naman yung stay.,Neutral
Entrance,21457,Mabait at magalang ang mga staff dito.,Positive
Entrance,18174,Mabait at magalang ang mga staff dito.,Positive
Hall Rental,18192,"Everything was superb, clean, and well-maintained.",Positive
Event,10660,"It was an okay stay, average service overall.",Neutral
Hall Rental,6071,"Disappointing stay, a total waste of money.",Negative
Hall Rental,15470,Good location but service was just standard.,Neutral
Hall Rental,6196,"Terrible and awful experience, would not go back.",Negative
Room,8855,"It was an okay stay, average service overall.",Neutral
Event,12875,Medyo okay naman ang experience namin.,Neutral
Reservation,6780,The water was cloudy and the area was messy.,Negative
Reservation,9998,Mabagal ang serbisyo at medyo disappointing.,Negative
Entrance,16895,"Beautiful view and very friendly, helpful staff.",Positive
Event,8322,Hindi kami nasiyahan sa aming stay dito.,Negative
Event,8559,Madumi yung area nung dumating kami.,Negative
Entrance,15891,"Excellent facility, highly recommend to everyone!",Positive
Event,7215,Rude staff and very slow service at reception.,Negative
Entrance,15124,The facilities are fine but could be better.,Neutral
Entrance,16399,"The room was decent and normal, nothing special.",Neutral
Room,23041,Sulit na sulit ang booking namin.,Positive
Entrance,6613,"Terrible and awful experience, would not go back.",Negative
Hall Rental,4131,Mabagal ang serbisyo at medyo disappointing.,Negative
Hall Rental,8034,The water was cloudy and the area was messy.,Negative
Reservation,2066,Hindi kami nasiyahan sa aming stay dito.,Negative
Event,6270,"Disappointing stay, a total waste of money.",Negative
Reservation,26244,Mabait at magalang ang mga staff dito.,Positive
Room,17177,"Acceptable quality, sakto lang ang karanasan.",Neutral
Reservation,11243,"The room was decent and normal, nothing special.",Neutral
Hall Rental,29906,The service was perfect and absolutely amazing.,Positive
Hall Rental,17570,"Acceptable quality, sakto lang ang karanasan.",Neutral
Entrance,8961,The water was cloudy and the area was messy.,Negative
Reservation,5460,Rude staff and very slow service at reception.,Negative
Hall Rental,27398,Mabait at magalang ang mga staff dito.,Positive
Event,17849,Mabait at magalang ang mga staff dito.,Positive
Event,16365,The service was perfect and absolutely amazing.,Positive
Hall Rental,7984,Madumi yung area nung dumating kami.,Negative
Room,5824,Rude staff and very slow service at reception.,Negative
Entrance,20305,"Excellent facility, highly recommend to everyone!",Positive
Event,14468,Good location but service was just standard.,Neutral
Hall Rental,25246,Sulit na sulit ang booking namin.,Positive
Event,24865,Sulit na sulit ang booking namin.,Positive
Room,5734,The water was cloudy and the area was messy.,Negative
Room,17499,Hindi gaanong special pero okay naman yung stay.,Neutral
Event,7700,Hindi kami nasiyahan sa aming stay dito.,Negative
Hall Rental,4440,Madumi yung area nung dumating kami.,Negative
Room,2340,The water was cloudy and the area was messy.,Negative
Hall Rental,16988,"The room was decent and normal, nothing special.",Neutral
Entrance,11699,"Acceptable quality, sakto lang ang karanasan.",Neutral
Entrance,15470,Medyo okay naman ang experience namin.,Neutral
Hall Rental,24874,"Beautiful view and very friendly, helpful staff.",Positive
Event,12005,"Acceptable quality, sakto lang ang karanasan.",Neutral
Event,14419,Good location but service was just standard.,Neutral
Hall Rental,27813,Great value for money and a relaxing vibe.,Positive
Room,10153,Medyo okay naman ang experience namin.,Neutral
Reservation,9557,Mabagal ang serbisyo at medyo disappointing.,Negative
Hall Rental,14155,Good location but service was just standard.,Neutral
Reservation,23321,"Everything was superb, clean, and well-maintained.",Positive
Room,27677,Sulit na sulit ang booking namin.,Positive
Reservation,10378,The facilities are fine but could be better.,Neutral
Entrance,12729,Good location but service was just standard.,Neutral
Event,29397,The service was perfect and absolutely amazing.,Positive
Reservation,23702,"Beautiful view and very friendly, helpful staff.",Positive
Reservation,15382,Hindi gaanong special pero okay naman yung stay.,Neutral
Room,22956,"Beautiful view and very friendly, helpful staff.",Positive
Room,13808,The facilities are fine but could be better.,Neutral
Reservation,14588,"It was an okay stay, average service overall.",Neutral
Entrance,10330,"Acceptable quality, sakto lang ang karanasan.",Neutral
Entrance,8182,Good location but service was just standard.,Neutral
Reservation,25247,The service was perfect and absolutely amazing.,Positive
Event,8533,The water was cloudy and the area was messy.,Negative
Reservation,3932,Mabagal ang serbisyo at medyo disappointing.,Negative
Hall Rental,17765,"Standard amenities, fine experience for the price.",Neutral
Room,10341,"It was an okay stay, average service overall.",Neutral
Reservation,29275,Mabait at magalang ang mga staff dito.,Positive
Hall Rental,20541,Great value for money and a relaxing vibe.,Positive
Hall Rental,4226,"Disappointing stay, a total waste of money.",Negative
Entrance,17863,Walang kupas ang ganda ng pool area.,Positive
Room,16691,"It was an okay stay, average service overall.",Neutral
Room,18440,"Everything was superb, clean, and well-maintained.",Positive
Entrance,12364,Good location but service was just standard.,Neutral
Room,12117,The facilities are fine but could be better.,Neutral
Entrance,2329,"Terrible and awful experience, would not go back.",Negative
Entrance,10035,The facilities are fine but could be better.,Neutral
Hall Rental,16970,Sulit na sulit ang booking namin.,Positive
Event,17497,"It was an okay stay, average service overall.",Neutral
Reservation,6601,Rude staff and very slow service at reception.,Negative
Reservation,7187,"Terrible and awful experience, would not go back.",Negative
Room,8408,"Disappointing stay, a total waste of money.",Negative
Hall Rental,12334,The facilities are fine but could be better.,Neutral
Reservation,20901,Sulit na sulit ang booking namin.,Positive
Reservation,3093,"Dirty rooms, broken aircon, and bad smell.",Negative
Entrance,4013,Rude staff and very slow service at reception.,Negative
Reservation,29983,The service was perfect and absolutely amazing.,Positive
Room,7694,"Disappointing stay, a total waste of money.",Negative
Room,15835,The facilities are fine but could be better.,Neutral
Reservation,15786,"It was an okay stay, average service overall.",Neutral
Room,14509,Good location but service was just standard.,Neutral
Entrance,28428,Mabait at magalang ang mga staff dito.,Positive
Reservation,27232,Sulit na sulit ang booking namin.,Positive
Hall Rental,9025,"Disappointing stay, a total waste of money.",Negative
Hall Rental,17475,Great value for money and a relaxing vibe.,Positive
Entrance,24873,"Everything was superb, clean, and well-maintained.",Positive
Reservation,14376,"The room was decent and normal, nothing special.",Neutral
Room,7249,"Terrible and awful experience, would not go back.",Negative
Hall Rental,10961,Hindi gaanong special pero okay naman yung stay.,Neutral
Reservation,20132,Walang kupas ang ganda ng pool area.,Positive
Reservation,8937,Rude staff and very slow service at reception.,Negative
Event,9124,"It was an okay stay, average service overall.",Neutral
Event,17548,"Acceptable quality, sakto lang ang karanasan.",Neutral
Room,10749,Good location but service was just standard.,Neutral
Event,16308,"Everything was superb, clean, and well-maintained.",Positive
Reservation,8405,Rude staff and very slow service at reception.,Negative
Room,15130,Good location but service was just standard.,Neutral
Reservation,9772,"It was an okay stay, average service overall.",Neutral
Entrance,8954,Mabagal ang serbisyo at medyo disappointing.,Negative
Room,14615,Medyo okay naman ang experience namin.,Neutral
Event,12827,The facilities are fine but could be better.,Neutral
Reservation,5032,Hindi kami nasiyahan sa aming stay dito.,Negative
Room,9865,Madumi yung area nung dumating kami.,Negative
Event,20631,"Excellent facility, highly recommend to everyone!",Positive
Event,9636,"Acceptable quality, sakto lang ang karanasan.",Neutral
Hall Rental,11730,Good location but service was just standard.,Neutral
Reservation,18788,Walang kupas ang ganda ng pool area.,Positive
Hall Rental,13326,"Acceptable quality, sakto lang ang karanasan.",Neutral
Hall Rental,6645,"Terrible and awful experience, would not go back.",Negative
Room,25948,The service was perfect and absolutely amazing.,Positive
Room,17010,"Acceptable quality, sakto lang ang karanasan.",Neutral
Hall Rental,12778,Good location but service was just standard.,Neutral
Reservation,21979,Mabait at magalang ang mga staff dito.,Positive
Entrance,2548,"Disappointing stay, a total waste of money.",Negative
Entrance,6522,"Disappointing stay, a total waste of money.",Negative
Hall Rental,4256,Madumi yung area nung dumating kami.,Negative
Reservation,4275,"Dirty rooms, broken aircon, and bad smell.",Negative
Hall Rental,17745,"Beautiful view and very friendly, helpful staff.",Positive
Entrance,9669,Rude staff and very slow service at reception.,Negative
Entrance,9216,Rude staff and very slow service at reception.,Negative
Event,6554,Mabagal ang serbisyo at medyo disappointing.,Negative
Hall Rental,10097,"Standard amenities, fine experience for the price.",Neutral
Hall Rental,5172,Hindi kami nasiyahan sa aming stay dito.,Negative
Room,2692,"Dirty rooms, broken aircon, and bad smell.",Negative
Reservation,15984,Mabait at magalang ang mga staff dito.,Positive
Entrance,27765,Walang kupas ang ganda ng pool area.,Positive
Reservation,17803,"It was an okay stay, average service overall.",Neutral
Event,12686,"The room was decent and normal, nothing special.",Neutral
Room,17275,The facilities are fine but could be better.,Neutral
Hall Rental,8673,"Disappointing stay, a total waste of money.",Negative
Hall Rental,5484,Mabagal ang serbisyo at medyo disappointing.,Negative
Room,4700,"Terrible and awful experience, would not go back.",Negative
Hall Rental,28698,Great value for money and a relaxing vibe.,Positive
Entrance,9316,"Acceptable quality, sakto lang ang karanasan.",Neutral
Reservation,11363,"It was an okay stay, average service overall.",Neutral
Hall Rental,29894,"Excellent facility, highly recommend to everyone!",Positive
Event,18294,"Excellent facility, highly recommend to everyone!",Positive
Event,4933,Rude staff and very slow service at reception.,Negative
Hall Rental,16887,"Beautiful view and very friendly, helpful staff.",Positive
Entrance,26970,"Excellent facility, highly recommend to everyone!",Positive
Hall Rental,10103,The facilities are fine but could be better.,Neutral
Event,23080,Sulit na sulit ang booking namin.,Positive
Hall Rental,13017,Good location but service was just standard.,Neutral
Entrance,15166,The facilities are fine but could be better.,Neutral
Event,8183,"The room was decent and normal, nothing special.",Neutral
Reservation,8413,Madumi yung area nung dumating kami.,Negative
Event,15953,"Excellent facility, highly recommend to everyone!",Positive
Entrance,8697,The water was cloudy and the area was messy.,Negative
Reservation,9672,"Terrible and awful experience, would not go back.",Negative
Event,15016,Medyo okay naman ang experience namin.,Neutral
Hall Rental,9863,Rude staff and very slow service at reception.,Negative
Hall Rental,6837,Rude staff and very slow service at reception.,Negative
Reservation,10295,"It was an okay stay, average service overall.",Neutral
Event,29916,"Beautiful view and very friendly, helpful staff.",Positive
Hall Rental,9531,"The room was decent and normal, nothing special.",Neutral
Event,8079,Rude staff and very slow service at reception.,Negative
Room,20126,"Everything was superb, clean, and well-maintained.",Positive
Room,13075,"It was an okay stay, average service overall.",Neutral
Reservation,3985,"Terrible and awful experience, would not go back.",Negative
Event,2364,Rude staff and very slow service at reception.,Negative
Room,12958,Hindi gaanong special pero okay naman yung stay.,Neutral
Room,16924,"It was an okay stay, average service overall.",Neutral
Reservation,9281,The water was cloudy and the area was messy.,Negative
Reservation,17204,"Everything was superb, clean, and well-maintained.",Positive
Room,16680,Hindi gaanong special pero okay naman yung stay.,Neutral
Entrance,25573,"Excellent facility, highly recommend to everyone!",Positive
Room,8497,The facilities are fine but could be better.,Neutral
Hall Rental,10070,Medyo okay naman ang experience namin.,Neutral
Event,4553,Hindi kami nasiyahan sa aming stay dito.,Negative
Entrance,20295,Great value for money and a relaxing vibe.,Positive
Reservation,16065,Great value for money and a relaxing vibe.,Positive
Event,9466,"It was an okay stay, average service overall.",Neutral
Room,6689,Rude staff and very slow service at reception.,Negative
Hall Rental,4387,Hindi kami nasiyahan sa aming stay dito.,Negative
Entrance,12173,The facilities are fine but could be better.,Neutral
Entrance,3677,Rude staff and very slow service at reception.,Negative
Room,6497,Mabagal ang serbisyo at medyo disappointing.,Negative
Room,6773,Hindi kami nasiyahan sa aming stay dito.,Negative
Event,23801,Walang kupas ang ganda ng pool area.,Positive
Room,2813,"Disappointing stay, a total waste of money.",Negative
Event,19849,Great value for money and a relaxing vibe.,Positive
Room,6651,Mabagal ang serbisyo at medyo disappointing.,Negative
Room,11904,The facilities are fine but could be better.,Neutral
Event,16098,Great value for money and a relaxing vibe.,Positive
Reservation,26835,"Everything was superb, clean, and well-maintained.",Positive
Room,14420,"Standard amenities, fine experience for the price.",Neutral
Event,25002,Mabait at magalang ang mga staff dito.,Positive
Hall Rental,23340,Great value for money and a relaxing vibe.,Positive
Hall Rental,17549,"It was an okay stay, average service overall.",Neutral
Reservation,24435,Mabait at magalang ang mga staff dito.,Positive
Room,9404,"Acceptable quality, sakto lang ang karanasan.",Neutral
Reservation,14139,"Standard amenities, fine experience for the price.",Neutral
Room,13591,"Acceptable quality, sakto lang ang karanasan.",Neutral
Room,13925,Medyo okay naman ang experience namin.,Neutral
Hall Rental,13661,"The room was decent and normal, nothing special.",Neutral
Reservation,16177,Great value for money and a relaxing vibe.,Positive
Hall Rental,14781,"Acceptable quality, sakto lang ang karanasan.",Neutral
Reservation,27819,The service was perfect and absolutely amazing.,Positive
Event,14701,"Standard amenities, fine experience for the price.",Neutral
Event,16174,The facilities are fine but could be better.,Neutral
Room,29523,"Everything was superb, clean, and well-maintained.",Positive
Entrance,9875,Medyo okay naman ang experience namin.,Neutral
Event,24596,Sulit na sulit ang booking namin.,Positive
Room,22513,The service was perfect and absolutely amazing.,Positive
Entrance,29430,"Everything was superb, clean, and well-maintained.",Positive
Event,27851,"Excellent facility, highly recommend to everyone!",Positive
Event,14707,"It was an okay stay, average service overall.",Neutral
Reservation,3468,"Dirty rooms, broken aircon, and bad smell.",Negative
Room,17879,"It was an okay stay, average service overall.",Neutral
Reservation,28564,"Excellent facility, highly recommend to everyone!",Positive
Room,17897,"Acceptable quality, sakto lang ang karanasan.",Neutral
Event,3559,Rude staff and very slow service at reception.,Negative
Event,14111,Good location but service was just standard.,Neutral
Reservation,19227,Mabait at magalang ang mga staff dito.,Positive
Hall Rental,19406,"Everything was superb, clean, and well-maintained.",Positive
Entrance,9837,The facilities are fine but could be better.,Neutral
Entrance,4646,"Dirty rooms, broken aircon, and bad smell.",Negative
Entrance,17983,"Beautiful view and very friendly, helpful staff.",Positive
Entrance,7839,Rude staff and very slow service at reception.,Negative
Reservation,2343,The water was cloudy and the area was messy.,Negative
Hall Rental,14144,"Acceptable quality, sakto lang ang karanasan.",Neutral
Reservation,10606,"It was an okay stay, average service overall.",Neutral
Room,26259,Great value for money and a relaxing vibe.,Positive
Event,17166,Medyo okay naman ang experience namin.,Neutral
Hall Rental,15361,Medyo okay naman ang experience namin.,Neutral
Room,8840,Mabagal ang serbisyo at medyo disappointing.,Negative
Room,20495,"Everything was superb, clean, and well-maintained.",Positive
Entrance,7073,Rude staff and very slow service at reception.,Negative
Room,13738,The facilities are fine but could be better.,Neutral
Event,18157,"Beautiful view and very friendly, helpful staff.",Positive
Hall Rental,4750,Rude staff and very slow service at reception.,Negative
Room,15728,Walang kupas ang ganda ng pool area.,Positive
Hall Rental,17635,"Excellent facility, highly recommend to everyone!",Positive
Reservation,8685,"Dirty rooms, broken aircon, and bad smell.",Negative
Room,15924,Walang kupas ang ganda ng pool area.,Positive
Event,24925,Walang kupas ang ganda ng pool area.,Positive
Hall Rental,12485,"Standard amenities, fine experience for the price.",Neutral
Hall Rental,16143,"Acceptable quality, sakto lang ang karanasan.",Neutral
Reservation,27086,The service was perfect and absolutely amazing.,Positive
Reservation,2786,"Dirty rooms, broken aircon, and bad smell.",Negative
Room,6734,"Terrible and awful experience, would not go back.",Negative
Event,10668,Medyo okay naman ang experience namin.,Neutral
